--CREACIÓN DE LA BASE DE DATOS CLOTHING SHOP
--Esto se ejecutó en la hoja de trabajo de SYSTEM
ALTER SESSION SET "_ORACLE_SCRIPT"= TRUE;
CREATE USER BD1_U3_PROYECTO_G3 IDENTIFIED BY equipo3; --Usuario y contraseña

--PRIVILEGIOS DE USUARIO
GRANT DBA TO BD1_U3_PROYECTO_G3;--Se le otorgan todos los privilegios
CREATE TABLE CATEGORIA(
IdCategoria NVARCHAR2(10),
Nombre      NVARCHAR2(20) NOT NULL,
PRIMARY KEY(IdCategoria)
);
SELECT * FROM CATEGORIA;

--INSERT DE CATEGORIA
INSERT INTO CATEGORIA VALUES ('CA1','Dama');
INSERT INTO CATEGORIA VALUES ('CA2','Caballero');
INSERT INTO CATEGORIA VALUES ('CA3','Unisex');
INSERT INTO CATEGORIA VALUES ('CA4','Coleccion_Invierno');
INSERT INTO CATEGORIA VALUES ('CA5','Coleccion_Primavera');
INSERT INTO CATEGORIA VALUES ('CA6','Coleccion_Verano');
INSERT INTO CATEGORIA VALUES ('CA7','Coleccion_Otonio');
INSERT INTO CATEGORIA VALUES ('CA8','Deportiva');
INSERT INTO CATEGORIA VALUES ('CA9','Casual');
INSERT INTO CATEGORIA VALUES ('CA10','Elegante');
INSERT INTO CATEGORIA VALUES ('CA11','Camisa');
INSERT INTO CATEGORIA VALUES ('CA12','Camiseta');
INSERT INTO CATEGORIA VALUES ('CA13','Blusa');
INSERT INTO CATEGORIA VALUES ('CA14','Pantalon');
INSERT INTO CATEGORIA VALUES ('CA15','Saco');
INSERT INTO CATEGORIA VALUES ('CA16','Vestido');
INSERT INTO CATEGORIA VALUES ('CA17','Short');
INSERT INTO CATEGORIA VALUES ('CA18','Falda');
INSERT INTO CATEGORIA VALUES ('CA19','Chaqueta');
INSERT INTO CATEGORIA VALUES ('CA20','Sueter');
INSERT INTO CATEGORIA VALUES ('CA21','Sudadera');
INSERT INTO CATEGORIA VALUES ('CA22','Crop_top');
INSERT INTO CATEGORIA VALUES ('CA23','Mono');
INSERT INTO CATEGORIA VALUES ('CA24','Traje_Banio');
INSERT INTO CATEGORIA VALUES ('CA25','Ropa_Interior');
INSERT INTO CATEGORIA VALUES ('CA26','Cartera');
INSERT INTO CATEGORIA VALUES ('CA27','Monedero');
INSERT INTO CATEGORIA VALUES ('CA28','Corbata');
INSERT INTO CATEGORIA VALUES ('CA29','Cinturon');
INSERT INTO CATEGORIA VALUES ('CA30','Gorra');
INSERT INTO CATEGORIA VALUES ('CA31','Tenis');
INSERT INTO CATEGORIA VALUES ('CA32','Zapato');
INSERT INTO CATEGORIA VALUES ('CA33','Zapatilla');
INSERT INTO CATEGORIA VALUES ('CA34','Sandalia');
INSERT INTO CATEGORIA VALUES ('CA35','Tacon');
INSERT INTO CATEGORIA VALUES ('CA36','Plataforma');
INSERT INTO CATEGORIA VALUES ('CA37','Botines');
INSERT INTO CATEGORIA VALUES ('CA38','Colores_frios');
INSERT INTO CATEGORIA VALUES ('CA39','Colores_calidos');
INSERT INTO CATEGORIA VALUES ('CA40','Colores_pastel');
INSERT INTO CATEGORIA VALUES ('CA41','Largo');
INSERT INTO CATEGORIA VALUES ('CA42','Corto');
INSERT INTO CATEGORIA VALUES ('CA43','Talla XXS');
INSERT INTO CATEGORIA VALUES ('CA44','Talla XS');
INSERT INTO CATEGORIA VALUES ('CA45','Talla S');
INSERT INTO CATEGORIA VALUES ('CA46','Talla M');
INSERT INTO CATEGORIA VALUES ('CA47','Talla L');
INSERT INTO CATEGORIA VALUES ('CA48','Talla XL');
INSERT INTO CATEGORIA VALUES ('CA49','Talla XXL');
INSERT INTO CATEGORIA VALUES ('CA50','Talla EG');
INSERT INTO CATEGORIA VALUES ('CA51','Talla 33');
INSERT INTO CATEGORIA VALUES ('CA52','Talla 34');
INSERT INTO CATEGORIA VALUES ('CA53','Talla 35');
INSERT INTO CATEGORIA VALUES ('CA54','Talla 36');
INSERT INTO CATEGORIA VALUES ('CA55','Talla 37');
INSERT INTO CATEGORIA VALUES ('CA56','Talla 38');
INSERT INTO CATEGORIA VALUES ('CA57','Talla 39');
INSERT INTO CATEGORIA VALUES ('CA58','Talla 40');
INSERT INTO CATEGORIA VALUES ('CA59','Talla 41');
INSERT INTO CATEGORIA VALUES ('CA60','Talla 42');



CREATE TABLE MARCA(
IdMarca     NVARCHAR2(10),
Nombre      NVARCHAR2(20) NOT NULL,
Fecha       DATE NOT NULL,
Email       NVARCHAR2(30) UNIQUE,
PRIMARY KEY(IdMarca)
);
SELECT*FROM MARCA;
-- INSERT A MARCA
INSERT INTO MARCA  VALUES ('M001', 'Nike', '15/04/2022', 'Nike@gmail.com');
INSERT INTO MARCA VALUES ('M002', 'Adidas', '01/11/2021', 'adidas@nps.com');
INSERT INTO MARCA VALUES ('M003', 'Gucci', '28/09/2021', 'gucci@dolcegabbana.it');
INSERT INTO MARCA VALUES ('M004', 'Puma', '09/02/2022', 'puma@gmail.com');
INSERT INTO MARCA VALUES ('M005', 'Browsedrive', '18/01/2020', 'browsedrive@homestead.com');
INSERT INTO MARCA VALUES ('M006', 'Meejo', '02/11/2020', 'meejo@nhs.uk');
INSERT INTO MARCA VALUES ('M007', 'Jabberbean', '24/01/2021', 'jabberbean@slashdot.org');
INSERT INTO MARCA VALUES ('M008', 'Oozz', '06/07/2022', 'oozz@ovh.net');
INSERT INTO MARCA VALUES ('M009', 'Twinte', '21/02/2022', 'twinte@sun.com');
INSERT INTO MARCA VALUES ('M010', 'Twitterwire', '16/09/2021', 'twitterwire@elpais.com');
INSERT INTO MARCA VALUES ('M011', 'Kwilith', '10/05/2021', 'kwilith@wiley.com');
INSERT INTO MARCA VALUES ('M012', 'Flashspan', '11/11/2020', 'flashspan@ftc.gov');
INSERT INTO MARCA VALUES ('M013', 'Oozz', '01/11/2021', 'oozz@multiply.com');
INSERT INTO MARCA VALUES ('M014', 'Eabox', '10/05/2021', 'eabox@usa.gov');
INSERT INTO MARCA VALUES ('M015', 'Yakitri', '01/03/2020', 'yakitri@rakuten.co.jp');
INSERT INTO MARCA VALUES ('M016', 'Bubblebox', '22/03/2020', 'bubblebox@unicef.org');
INSERT INTO MARCA VALUES ('M017', 'Skyble', '28/04/2021', 'skyble@washington.edu');
INSERT INTO MARCA VALUES ('M018', 'Jatri', '19/05/2022', 'jatri@t-online.de');
INSERT INTO MARCA VALUES ('M019', 'Devpoint', '01/12/2020', 'devpoint@imdb.com');
INSERT INTO MARCA VALUES ('M020', 'Skinix', '21/06/2021', 'skinix@is.gd');
INSERT INTO MARCA VALUES ('M021', 'Wordtune', '31/07/2021', 'wordtune@state.gov');
INSERT INTO MARCA VALUES ('M022', 'Rhyloo', '07/04/2021', 'rhyloo@wikipedia.org');
INSERT INTO MARCA VALUES ('M023', 'Eadel', '20/03/2020', 'eadel@t-online.de');
INSERT INTO MARCA VALUES ('M024', 'Kwilith', '05/10/2021', 'kwilith@zimbio.com');
INSERT INTO MARCA VALUES ('M025', 'Eadel', '03/03/2022', 'eadel@vimeo.com');
INSERT INTO MARCA VALUES ('M026', 'Babbleblab', '23/03/2020', 'babbleblab@clickbank.net');
INSERT INTO MARCA VALUES ('M027', 'Yamia', '15/10/2019', 'yamia@free.fr');
INSERT INTO MARCA VALUES ('M028', 'Dynabox', '26/11/2021', 'dynabox@umn.edu');
INSERT INTO MARCA VALUES ('M029', 'Thoughtmix', '30/06/2022', 'thoughtmix@hubpages.com');
INSERT INTO MARCA VALUES ('M030', 'Jetwire', '14/11/2019', 'jetwire@kickstarter.com');
INSERT INTO MARCA VALUES ('M031', 'Livetube', '05/03/2021', 'livetube@ox.ac.uk');
INSERT INTO MARCA VALUES ('M032', 'Pixoboo', '20/08/2020', 'pixoboo@techcrunch.com');
INSERT INTO MARCA VALUES ('M033', 'Youopia', '24/07/2021', 'youopia@skype.com');
INSERT INTO MARCA VALUES ('M034', 'Babbleblab', '09/11/2020', 'babbleblab@boston.com');
INSERT INTO MARCA VALUES ('M035', 'Gabvine', '23/07/2021', 'gabvine@netscape.com');
INSERT INTO MARCA VALUES ('M036', 'Trupe', '11/06/2022', 'trupe@businessinsider.com');
INSERT INTO MARCA VALUES ('M037', 'Buzzbean', '10/02/2022', 'buzzbean@delicious.com');
INSERT INTO MARCA VALUES ('M038', 'Tagopia', '25/02/2020', 'tagopia@odnoklassniki.ru');
INSERT INTO MARCA VALUES ('M039', 'Jabbersphere', '09/02/2020', 'jabbersphere@wunderground.com');
INSERT INTO MARCA VALUES ('M040', 'Gigashots', '20/07/2019', 'gigashots@rambler.ru');
INSERT INTO MARCA VALUES ('M041', 'Calan', '12/12/2017', 'calan@gmail.com');
INSERT INTO MARCA VALUES ('M042', 'Giorgio Armani', '08/10/2020', 'modagiorgio@yahoo.com');
INSERT INTO MARCA VALUES ('M043', 'Ermenegildo Zegna', '01/11/2015', 'ermezeg@yahoo.com');
INSERT INTO MARCA VALUES ('M044', 'Yerse', '04/04/2020', 'yerseok@gmail.com');
INSERT INTO MARCA VALUES ('M045', 'Masscob', '12/05/2022', 'masscob@net.com');
INSERT INTO MARCA VALUES ('M046', 'Rita Row', '06/12/2021', 'ritarowmoda@gmail.com');
INSERT INTO MARCA VALUES ('M047', 'La fantástica', '07/06/2019', 'fantastica@outlook.com');
INSERT INTO MARCA VALUES ('M048', 'Teoh and Lea', '25/06/2014', 'teoandlea@outlook.com');
INSERT INTO MARCA VALUES ('M049', 'Ecoalf', '14/02/2015', 'ecoalfxmd@hostmail.com');
INSERT INTO MARCA VALUES ('M050', 'Scalpers', '05/12/2020', 'scalpers@fastmail.com');
INSERT INTO MARCA VALUES ('M051', 'Edmmond Studios', '05/12/2017', 'edmmondstudios@hostmail.com');
INSERT INTO MARCA VALUES ('M052', ' Two Thirds', '05/12/2020', 'twothirds@zoho.com');
INSERT INTO MARCA VALUES ('M053', 'Brava', '12/03/2022', 'bravalook@email.com');
INSERT INTO MARCA VALUES ('M054', 'Pronovias', '13/07/2021', 'prenovias@fastmail.com');
INSERT INTO MARCA VALUES ('M055', 'Rosa Clara?', '30/06/2020', 'clararosa@hostmail.com');
INSERT INTO MARCA VALUES ('M056', 'Yolancris', '27/09/2018', 'yolancris@gmail.com');
INSERT INTO MARCA VALUES ('M057', 'Otaduy', '26/08/2019', 'otaduy@fastmail.com');
INSERT INTO MARCA VALUES ('M058', 'Beba’s', '25/07/2020', 'bebas@email.com');
INSERT INTO MARCA VALUES ('M059', 'Sophie Et Voila?', '24/06/2021', 'modasophievoila@outlook.com');
INSERT INTO MARCA VALUES ('M060', 'Cortana', '23/05/2022', 'cotanavestuario@email.com');
INSERT INTO MARCA VALUES ('M061', 'Tommy', '01/05/2019', 'tommy@email.com');
INSERT INTO MARCA VALUES ('M062', 'Columbia', '10/05/2019', 'columbia@hotmail.com');
INSERT INTO MARCA VALUES ('M063', 'Diesel', '01/06/2019', 'diesellook@vtr.net');
INSERT INTO MARCA VALUES ('M064', 'Levis', '23/05/2015', 'levisprendas@yahoo.com');
INSERT INTO MARCA VALUES ('M065', 'Pacer', '08/02/2018', 'pacer@gmail.com');
INSERT INTO MARCA VALUES ('M066', 'Fast fashion', '23/02/2015', 'fastfashion@hotmail.com');
INSERT INTO MARCA VALUES ('M067', 'Supreme', '08/08/2021', 'supreme@userana.cl');
INSERT INTO MARCA VALUES ('M068', 'FashionTIY', '23/10/2018', 'fashiontiy@vtr.net');
INSERT INTO MARCA VALUES ('M069', 'Primark', '18/05/2022', 'primark@userana.cl');
INSERT INTO MARCA VALUES ('M070', 'Asos', '17/09/2018', 'asos@hotmail.com');
INSERT INTO MARCA VALUES ('M071', 'HM', '18/03/2017', 'handm@email.com');
INSERT INTO MARCA VALUES ('M072', 'Kiabi', '22/11/2016', 'lamodaqui@kotmail.com');
INSERT INTO MARCA VALUES ('M073', 'Boohoo', '15/09/2015', 'boohoo@vtr.net');
INSERT INTO MARCA VALUES ('M074', 'Muroexe', '16/01/2015', 'muroexe@vtr.net');
INSERT INTO MARCA VALUES ('M075', 'Pompeii', '17/02/2016', 'pompei@email.com');
INSERT INTO MARCA VALUES ('M076', 'Hoff', '18/03/2017', 'hoffcontigo@gmail.com');
INSERT INTO MARCA VALUES ('M077', 'Yuccs', '19/04/2018', 'yuccs@outlook.com');
INSERT INTO MARCA VALUES ('M078', 'Munich', '15/09/2015', 'minich@esfera.cl');
INSERT INTO MARCA VALUES ('M079', 'Loewe', '20/10/2019', 'loewe@email.com');
INSERT INTO MARCA VALUES ('M080', 'Zubi', '21/11/2020', 'zubi@gmail.com');
INSERT INTO MARCA VALUES ('M081', 'Hereu', '22/12/2021', 'hereu@email.com');
INSERT INTO MARCA VALUES ('M082', 'Heimat', '23/01/2015', 'emait@segabbana.it');
INSERT INTO MARCA VALUES ('M083', 'M2 Malleiter', '21/11/2018', 'm2malleiter@hotmail.com');
INSERT INTO MARCA VALUES ('M084', 'Mercules', '21/11/2016', 'mercules@outlook.com');
INSERT INTO MARCA VALUES ('M085', 'Malababa', '06/04/2020', 'malababa@yahoo.com');
INSERT INTO MARCA VALUES ('M086', 'Reebok', '21/06/2021', 'reebok@yahoo.com');
INSERT INTO MARCA VALUES ('M087', 'Valentino', '27/09/2020', 'valentino@esfera.cl');
INSERT INTO MARCA VALUES ('M088', 'Lacoste', '09/09/2017', 'lacoste@gmail.com');
INSERT INTO MARCA VALUES ('M089', 'Calvin Klein', '07/11/2019', 'calvinklein@fastmail.com');
INSERT INTO MARCA VALUES ('M090', 'Victoria Secret', '21/11/2019', 'vistoriasecret@email.com');
INSERT INTO MARCA VALUES ('M091', 'Jordan', '05/09/2020', 'jordan@yahoo.com');
INSERT INTO MARCA VALUES ('M092', 'Diadora', '01/07/2022', 'diadoramodas@hotmail.com');
INSERT INTO MARCA VALUES ('M093', 'Polo', '21/11/2015', 'polo@fastmail.com');
INSERT INTO MARCA VALUES ('M094', 'Fila', '15/11/2018', 'fila@vtr.net');
INSERT INTO MARCA VALUES ('M095', 'Wilson', '01/01/2022', 'wilsomsports@email.com');
INSERT INTO MARCA VALUES ('M096', 'Totto', '09/02/2015', 'totto@gmail.com');
INSERT INTO MARCA VALUES ('M097', 'Champions', '18/06/2018', 'champions@outlook.com');
INSERT INTO MARCA VALUES ('M098', 'Umbro', '19/03/2020', 'umbro@yahoo.com');
INSERT INTO MARCA VALUES ('M099', 'Zara', '21/04/2021', 'zara@email.com');
INSERT INTO MARCA VALUES ('M100', 'Shein', '25/05/2021', 'shein@yahoo.com');
INSERT INTO MARCA VALUES ('M101', 'Pink', '30/07/2019', 'pink@outlook.com');


CREATE TABLE SEGMENTACION(
IdSegmentacion     NVARCHAR2(10),
Nombre             NVARCHAR2(20) NOT NULL,
Beneficio          NVARCHAR2(50) NOT NULL,
PRIMARY KEY(IdSegmentacion)
);
SELECT*FROM SEGMENTACION;

INSERT INTO SEGMENTACION VALUES('S1', 'VIP', 'DESCUENTO DEL 20% Y ENVIO GRATIS');
INSERT INTO SEGMENTACION VALUES('S2', 'ACTIVO', 'DESCUENTO DEL 10% EN CADA COMPRA');
INSERT INTO SEGMENTACION VALUES('S3', 'OCASIONAL', 'CUPON DE DESCUENTO DEL 5% CADA TRES COMPRAS');
INSERT INTO SEGMENTACION VALUES('S4', 'INACTIVO', 'SIN BENEFICIO');


CREATE TABLE ADMINISTRADOR(
IdAdministrador    VARCHAR2(13),
Nombre             NVARCHAR2(30) NOT NULL,
Apellido           NVARCHAR2(30) NOT NULL,
PRIMARY KEY(IdAdministrador)
);
SELECT*FROM ADMINISTRADOR;

--INSERT DE ADMINISTRADOR
INSERT INTO ADMINISTRADOR VALUES ('0101199512568','Sofia','Arias');
INSERT INTO ADMINISTRADOR VALUES ('0202198714965','Alejandro','Torres');
INSERT INTO ADMINISTRADOR VALUES ('0303198689452','Tomas','Madrid');
INSERT INTO ADMINISTRADOR VALUES ('0305199074859','Emma','Molina');
INSERT INTO ADMINISTRADOR VALUES ('0308198412569','Salomon','Murillo');
INSERT INTO ADMINISTRADOR VALUES ('0404199247896','Isabella','Hernandez');
INSERT INTO ADMINISTRADOR VALUES ('0406199441236','Olivia','Martinez');
INSERT INTO ADMINISTRADOR VALUES ('0407199747856','Daniel','Lopez');
INSERT INTO ADMINISTRADOR VALUES ('0409199042357','Andres','Aguero');
INSERT INTO ADMINISTRADOR VALUES ('0501198979562','Ava','Aguilar');
INSERT INTO ADMINISTRADOR VALUES ('0501198978536','Daniel','Valeriano');
INSERT INTO ADMINISTRADOR VALUES ('0501199278450','Mario','Baquedano');
INSERT INTO ADMINISTRADOR VALUES ('0501199307890','Emily','Samora');
INSERT INTO ADMINISTRADOR VALUES ('0510199408611','Juan','Fernandez');
INSERT INTO ADMINISTRADOR VALUES ('0606199556625','Pedro','Rodriguez');
INSERT INTO ADMINISTRADOR VALUES ('0607198900057','Abigail','Hernandez');
INSERT INTO ADMINISTRADOR VALUES ('0708199612580','Oscar','Ruiz');
INSERT INTO ADMINISTRADOR VALUES ('0709198914785','Orlando','Sanches');
INSERT INTO ADMINISTRADOR VALUES ('0710198723698','Moises','Lopez');
INSERT INTO ADMINISTRADOR VALUES ('0816198852147','Mia','Vasquez');
INSERT INTO ADMINISTRADOR VALUES ('0801198796654','Natanael','Velasquez');
INSERT INTO ADMINISTRADOR VALUES ('0801199047856','Camila','Martinez');
INSERT INTO ADMINISTRADOR VALUES ('0801199112516','Samuel','Dominguez');
INSERT INTO ADMINISTRADOR VALUES ('0801199878564','Maria','Ramos');
INSERT INTO ADMINISTRADOR VALUES ('0801199414785','Antonio','Suarez');
INSERT INTO ADMINISTRADOR VALUES ('0801198789620','Elizabeth','Arias');
INSERT INTO ADMINISTRADOR VALUES ('0801198911225','Antoni','Alvarado');
INSERT INTO ADMINISTRADOR VALUES ('0801199012663','Maria','Hernandez');
INSERT INTO ADMINISTRADOR VALUES ('0801200022468','Ramon','Barahona');
INSERT INTO ADMINISTRADOR VALUES ('0823200123922','Jorge','Cruz');
INSERT INTO ADMINISTRADOR VALUES ('0824199914862','Frederick','Caseres');
INSERT INTO ADMINISTRADOR VALUES ('1001199878951','Oscar','Campos');
INSERT INTO ADMINISTRADOR VALUES ('1001198878945','Sonia','Martinez');
INSERT INTO ADMINISTRADOR VALUES ('1101199078946','Jaffeth','Viera');
INSERT INTO ADMINISTRADOR VALUES ('1213199202301','Romina','Soto');
INSERT INTO ADMINISTRADOR VALUES ('1301199410230','Isaias','Torres');
INSERT INTO ADMINISTRADOR VALUES ('1415199412503','Mateo','Lara');
INSERT INTO ADMINISTRADOR VALUES ('1513198947812','Martina','Diaz');
INSERT INTO ADMINISTRADOR VALUES ('1803199978103','Alejandro','Bravo');
INSERT INTO ADMINISTRADOR VALUES ('1804198978514','Petrona','Dominguez');
INSERT INTO ADMINISTRADOR VALUES('170119878926', 'Barnard', 'Dawidowsky');
INSERT INTO ADMINISTRADOR VALUES('170119902795', 'Vivianne', 'Cunniff');
INSERT INTO ADMINISTRADOR VALUES('170119940224', 'Dorena', 'Giraudoux');
INSERT INTO ADMINISTRADOR VALUES('170119887685', 'Marcelline', 'Dwyr');
INSERT INTO ADMINISTRADOR VALUES('170119945987', 'Denna', 'Strauss');
INSERT INTO ADMINISTRADOR VALUES('180619872835', 'Gary', 'Todd');
INSERT INTO ADMINISTRADOR VALUES('180619906279', 'Gaylene', 'Weond');
INSERT INTO ADMINISTRADOR VALUES('180619878030', 'Kit', 'Ivatts');
INSERT INTO ADMINISTRADOR VALUES('180619950863', 'Marijn', 'Fabbro');
INSERT INTO ADMINISTRADOR VALUES('180619897352', 'Nelia', 'Kelle');
INSERT INTO ADMINISTRADOR VALUES('160419927438', 'Lamond', 'Syratt');
INSERT INTO ADMINISTRADOR VALUES('160419866547', 'Finn', 'Steeples');
INSERT INTO ADMINISTRADOR VALUES('160419961951', 'Merrick', 'Marquis');
INSERT INTO ADMINISTRADOR VALUES('160419937202', 'Meris', 'Daniellot');
INSERT INTO ADMINISTRADOR VALUES('160419822654', 'Goldi', 'Sleaford');
INSERT INTO ADMINISTRADOR VALUES('132719976045', 'Karlene', 'Desborough');
INSERT INTO ADMINISTRADOR VALUES('132719885980', 'Erin', 'McKinie');
INSERT INTO ADMINISTRADOR VALUES('132719929540', 'Lindon', 'Hessentaler');
INSERT INTO ADMINISTRADOR VALUES('132719885884', 'Rudiger', 'Quest');
INSERT INTO ADMINISTRADOR VALUES('132719969656', 'Rafael', 'Hurl');
INSERT INTO ADMINISTRADOR VALUES('140419877822', 'Beckie', 'Howroyd');
INSERT INTO ADMINISTRADOR VALUES('140419825097', 'Kelsey', 'Aizlewood');
INSERT INTO ADMINISTRADOR VALUES('140419840208', 'Carolin', 'Grieves');
INSERT INTO ADMINISTRADOR VALUES('140419796724', 'Chaddie', 'Mawford');
INSERT INTO ADMINISTRADOR VALUES('140419990483', 'Morgan', 'Girton');
INSERT INTO ADMINISTRADOR VALUES('140819939398', 'Burch', 'Kitchinghan');
INSERT INTO ADMINISTRADOR VALUES('140819825834', 'Ardath', 'Fiske');
INSERT INTO ADMINISTRADOR VALUES('140819762467', 'Marlane', 'Barns');
INSERT INTO ADMINISTRADOR VALUES('140819911326', 'Phillipe', 'Larcier');
INSERT INTO ADMINISTRADOR VALUES('140819901511', 'Andromache', 'Wane');
INSERT INTO ADMINISTRADOR VALUES('140819898155', 'Earle', 'Burnsides');
INSERT INTO ADMINISTRADOR VALUES('140819936168', 'Tiffanie', 'Tukesby');
INSERT INTO ADMINISTRADOR VALUES('020419854967', 'Briano', 'Quadrio');
INSERT INTO ADMINISTRADOR VALUES('020419835002', 'Rodney', 'Ramel');
INSERT INTO ADMINISTRADOR VALUES('020419792670', 'Marys', 'Crampin');
INSERT INTO ADMINISTRADOR VALUES('020419957217', 'Anastasia', 'Mandrake');
INSERT INTO ADMINISTRADOR VALUES('020419944025', 'Kinsley', 'Bleackly');
INSERT INTO ADMINISTRADOR VALUES('020419883592', 'Britt', 'Praill');
INSERT INTO ADMINISTRADOR VALUES('010619927623', 'Florella', 'Hilhouse');
INSERT INTO ADMINISTRADOR VALUES('010619957909', 'Levin', 'Wooffitt');
INSERT INTO ADMINISTRADOR VALUES('010619856514', 'Noni', 'Yele');
INSERT INTO ADMINISTRADOR VALUES('010619922281', 'Elizabet', 'Archley');
INSERT INTO ADMINISTRADOR VALUES('010619860793', 'Corey', 'Sinclair');
INSERT INTO ADMINISTRADOR VALUES('060119983209', 'Tera', 'Murrill');
INSERT INTO ADMINISTRADOR VALUES('060119821153', 'Keefe', 'Chue');
INSERT INTO ADMINISTRADOR VALUES('060119890219', 'Johnathan', 'Cranmere');
INSERT INTO ADMINISTRADOR VALUES('060119813735', 'Mara', 'Mico');
INSERT INTO ADMINISTRADOR VALUES('060119915314', 'Kore', 'Weiner');
INSERT INTO ADMINISTRADOR VALUES('060119887312', 'Webster', 'Matej');
INSERT INTO ADMINISTRADOR VALUES('080719851975', 'Tobias', 'Collard');
INSERT INTO ADMINISTRADOR VALUES('080719898853', 'Hort', 'McCarly');
INSERT INTO ADMINISTRADOR VALUES('080719987169', 'Isak', 'Stolting');
INSERT INTO ADMINISTRADOR VALUES('080719952573', 'Kincaid', 'Whilder');
INSERT INTO ADMINISTRADOR VALUES('080719896214', 'Yvonne', 'Dofty');
INSERT INTO ADMINISTRADOR VALUES('090219959818', 'Laurent', 'Ellice');
INSERT INTO ADMINISTRADOR VALUES('090219871037', 'Keriann', 'Orviss');
INSERT INTO ADMINISTRADOR VALUES('090219949749', 'Anabel', 'Cahalan');
INSERT INTO ADMINISTRADOR VALUES('090219918960', 'Ginni', 'Yekel');
INSERT INTO ADMINISTRADOR VALUES('090219895066', 'Cal', 'O''Reagan');
INSERT INTO ADMINISTRADOR VALUES('120319896328', 'Gabey', 'Sparkwell');
INSERT INTO ADMINISTRADOR VALUES('120319947206', 'Mira', 'Tyhurst');
INSERT INTO ADMINISTRADOR VALUES('120319996642', 'Hoebart', 'Neely');

CREATE TABLE MOTORISTA(
IdMotorista        VARCHAR2(13),
Nombre             NVARCHAR2(30) NOT NULL,
Apellido           NVARCHAR2(30) NOT NULL,
TipoTransporte     NVARCHAR2(30) NOT NULL,
Placa              VARCHAR2(8) UNIQUE,
PRIMARY KEY(IdMotorista)
);
SELECT*FROM MOTORISTA;

--INSERT DE MOTORISTA
INSERT INTO MOTORISTA VALUES('1206200106335','Babb','Caesmans','Auto','BZN8436');
INSERT INTO MOTORISTA VALUES('1205199015725','Tiebold','Liebrecht','Moto','RFV3764');
INSERT INTO MOTORISTA VALUES('1207199026963','Harmonia','Tine','Auto','XHP5369');
INSERT INTO MOTORISTA VALUES('1209198128146','Lorenzo','Scorrer','Auto','BBX3624');
INSERT INTO MOTORISTA VALUES('1202199409962','Baxie','Everley','Bicicleta',NULL);
INSERT INTO MOTORISTA VALUES('1212198511943','Amy','Gramer','Auto','JTE3454');
INSERT INTO MOTORISTA VALUES('1204198832392','Lira','Latty','Auto','TZK3869');
INSERT INTO MOTORISTA VALUES('1201199500154','Keslie','Coupman','Auto','MXU2894');
INSERT INTO MOTORISTA VALUES('1102200106335','Joellyn','Colbourne','Auto','JMK2288');
INSERT INTO MOTORISTA VALUES('1101199015725','Vita','Orto','Auto','VVN8788');
INSERT INTO MOTORISTA VALUES('1103199026963','Odell','Raine','Auto','ZVX2262');
INSERT INTO MOTORISTA VALUES('1101198128146','Abigale','Baskeyfield','Bicicleta',NULL);
INSERT INTO MOTORISTA VALUES('1102199409962','Errol','Seaborne','Auto','DUL4564');
INSERT INTO MOTORISTA VALUES('0814200106335','Temple','Daverin','Auto','NDS8884');
INSERT INTO MOTORISTA VALUES('0813199015725','Bernetta','DeMichele','Auto','ZHK6432');
INSERT INTO MOTORISTA VALUES('0827199026963','Lauree','Priddy','Bicicleta',NULL);
INSERT INTO MOTORISTA VALUES('0821198128146','Marian','Thornborrow','Auto','VYC3542');
INSERT INTO MOTORISTA VALUES('0814199409962','Maje','Borborough','Auto','GLJ5699');
INSERT INTO MOTORISTA VALUES('0816198511943','Worden','McCloud','Auto','QVE9575');
INSERT INTO MOTORISTA VALUES('0812198832392','Stephani','Ballantine','Bicicleta',NULL);
INSERT INTO MOTORISTA VALUES('0817199500154','Maximilien','Montel','Auto','XEC3885');
INSERT INTO MOTORISTA VALUES('0814200506335','Field','Dumbrill','Auto','ZSV5382');
INSERT INTO MOTORISTA VALUES('0813199415725','Morgun','Thomel','Moto','FCU6887');
INSERT INTO MOTORISTA VALUES('0827199826963','Carena','Donizeau','Moto','LKY5449');
INSERT INTO MOTORISTA VALUES('0921198128146','Claudina','Spragge','Bicicleta',NULL);
INSERT INTO MOTORISTA VALUES('0814199309962','Devlin','Twitchings','Moto','VLY9649');
INSERT INTO MOTORISTA VALUES('0816198711943','Sheena','Eggle','Moto','SVU8573');
INSERT INTO MOTORISTA VALUES('0812198232392','Con','Isakovic','Moto','XMH6455');
INSERT INTO MOTORISTA VALUES('0817199900154','Obadias','Wohler','Moto','NBB3242');
INSERT INTO MOTORISTA VALUES('1008200106335','Arnie','Lorence','Moto','GKG5877');
INSERT INTO MOTORISTA VALUES('1015199015725','Fax','Kemer','Moto','VUB7963');
INSERT INTO MOTORISTA VALUES('1004199026963','Zollie','Burgen','Moto','ANH2724');
INSERT INTO MOTORISTA VALUES('1002198128146','Indira','Jerdon','Moto','ZUM4887');
INSERT INTO MOTORISTA VALUES('1009199409962','Reube','Gwioneth','Moto','KBE6257');
INSERT INTO MOTORISTA VALUES('1016198511943','Ephraim','Jedrzejewicz','Moto','CMC7726');
INSERT INTO MOTORISTA VALUES('1017198832392','Davis','Rolfs','Moto','PAG6774');
INSERT INTO MOTORISTA VALUES('1002199500154','Starr','O''Beirne','Moto','VEQ5224');
INSERT INTO MOTORISTA VALUES('1004198817422','Clyve','Agastina','Moto','JHD7725');
INSERT INTO MOTORISTA VALUES('1017198719896','Prinz','Luck','Auto','FUC4438');
INSERT INTO MOTORISTA VALUES('0801200004524','Loralee','Sheirlaw','Moto','GPF6599');
INSERT INTO MOTORISTA VALUES('1214197636940','Ryun','Bartusek','Moto','JAV8764');
INSERT INTO MOTORISTA VALUES('1214198688314','Mathian','Marjanovic','Auto','UCK7723');
INSERT INTO MOTORISTA VALUES('1214199508123','Oliy','Robert','Auto','MWE6264');
INSERT INTO MOTORISTA VALUES('1214198512034','Kynthia','Headford','Auto','VGZ7756');
INSERT INTO MOTORISTA VALUES('1214198608246','Nickolaus','McNickle','Bicicleta',NULL);
INSERT INTO MOTORISTA VALUES('1214199726159','Bibbye','Ivy','Bicicleta',NULL);
INSERT INTO MOTORISTA VALUES('1521198397862','Adrian','Craigmyle','Bicicleta',NULL);
INSERT INTO MOTORISTA VALUES('1521199772875','Iggy','VanderMark','Moto','WCM7456');
INSERT INTO MOTORISTA VALUES('1521199726687','Loydie','Anthiftle','Moto','DTG7257');
INSERT INTO MOTORISTA VALUES('1521199002096','Willis','Goodlett','Moto','MXJ4687');
INSERT INTO MOTORISTA VALUES('1521199797390','Simon','Ziemens','Moto','DKP3223');
INSERT INTO MOTORISTA VALUES('1511198791107','Brewster','Wooton','Moto','ZBK8578');
INSERT INTO MOTORISTA VALUES('1511191010868','Rosalinde','Gergolet','Moto','CNG3784');
INSERT INTO MOTORISTA VALUES('1511199252296','Carolina','Mandre','Moto','WZM9372');
INSERT INTO MOTORISTA VALUES('1511199131341','Irina','Saward','Moto','KHP6798');
INSERT INTO MOTORISTA VALUES('1511198865557','Rebeka','Cottee','Moto','GKA7929');
INSERT INTO MOTORISTA VALUES('1523199959576','Rochelle','Goggey','Auto','HFR6738');
INSERT INTO MOTORISTA VALUES('1523198376867','Gayel','Somerfield','Auto','TJL2479');
INSERT INTO MOTORISTA VALUES('1523198515398','Easter','Klouz','Auto','FCA2787');
INSERT INTO MOTORISTA VALUES('1612197251692','Caz','Rameau','Auto','WSZ5587');
INSERT INTO MOTORISTA VALUES('1612198957081','Dominique','Fever','Auto','GRV2665');
INSERT INTO MOTORISTA VALUES('1612197587320','Letti','Moulden','Auto','HCY3865');
INSERT INTO MOTORISTA VALUES('1612199332653','Laryssa','Tomasutti','Moto','YLE5534');
INSERT INTO MOTORISTA VALUES('1612198296864','Carmela','Norquoy','Moto','AQQ3779');
INSERT INTO MOTORISTA VALUES('1612196871495','Nari','Belliss','Moto','DVB4544');
INSERT INTO MOTORISTA VALUES('1704195231036','Caryn','Brideoke','Moto','HUS8542');
INSERT INTO MOTORISTA VALUES('1704197431637','Frasco','Nolan','Moto','BCH2476');
INSERT INTO MOTORISTA VALUES('1704199678908','Lil','Chalmers','Moto','WHD3989');
INSERT INTO MOTORISTA VALUES('1803196825009','Staford','Garralts','Moto','TRC7595');
INSERT INTO MOTORISTA VALUES('1803198338911','Augustine','Pratton','Moto','ZPM9935');
INSERT INTO MOTORISTA VALUES('1803198238002','Herb','Werrilow','Moto','RFC4852');
INSERT INTO MOTORISTA VALUES('1803197123336','Ranique','Goreway','Moto','TWF4364');
INSERT INTO MOTORISTA VALUES('1803198139974','Alyce','Acarson','Moto','NBV9469');
INSERT INTO MOTORISTA VALUES('1809198600505','Rolando','Lindeman','Moto','TXN7469');
INSERT INTO MOTORISTA VALUES('1809199981736','Jacklyn','Jantet','Moto','ADM2626');
INSERT INTO MOTORISTA VALUES('1809199097672','Glynn','Dungey','Moto','YML5856');
INSERT INTO MOTORISTA VALUES('1310198809368','Emlyn','Corradeschi','Bicicleta',NULL);
INSERT INTO MOTORISTA VALUES('1310200087698','Garreth','Benneyworth','Bicicleta',NULL);
INSERT INTO MOTORISTA VALUES('0823199918304','Bellanca','Oxtiby','Moto','CKW6484');
INSERT INTO MOTORISTA VALUES('0823198662571','Fletcher','Detheridge','Moto','NDC3658');
INSERT INTO MOTORISTA VALUES('0823198648812','Franklyn','Murkin','Moto','QSH5929');
INSERT INTO MOTORISTA VALUES('0823199257531','Aveline','Hammerman','Moto','SGK9782');
INSERT INTO MOTORISTA VALUES('0824199510344','Elnore','Clifton','Moto','SQH3347');
INSERT INTO MOTORISTA VALUES('0701197947225','Clementius','Wadsworth','Auto','ECL6582');
INSERT INTO MOTORISTA VALUES('0701198682436','Ulysses','Daout','Auto','KKJ2744');
INSERT INTO MOTORISTA VALUES('0701198685170','Thacher','Clutterbuck','Auto','WQW3958');
INSERT INTO MOTORISTA VALUES('0607198175836','Teodorico','Giannoni','Auto','LNP7687');
INSERT INTO MOTORISTA VALUES('0607198857594','Barbee','Rubbert','Auto','RCW4945');
INSERT INTO MOTORISTA VALUES('0607199512725','Janine','Wilkes','Auto','MPN8722');
INSERT INTO MOTORISTA VALUES('0607198672431','Tomi','Davidovitz','Auto','CFC5725');
INSERT INTO MOTORISTA VALUES('0408199954342','Chancey','Fairhall','Auto','PME5993');
INSERT INTO MOTORISTA VALUES('0408198644312','Cathie','Yanyshev','Auto','HBR3947');
INSERT INTO MOTORISTA VALUES('0408198586702','Rutger','Wraggs','Auto','VXG7569');
INSERT INTO MOTORISTA VALUES('0404199336403','Rosie','Marrison','Auto','RVW7446');
INSERT INTO MOTORISTA VALUES('0409199401304','Irv','Halvosen','Auto','RDQ2784');
INSERT INTO MOTORISTA VALUES('1201199284795','Eliza','Osgar','Moto','PBP7985');
INSERT INTO MOTORISTA VALUES('1201199869906','Rubi','Briffett','Moto','MCT8546');
INSERT INTO MOTORISTA VALUES('1201198521437','Giovanni','Punch','Moto','KYL9459');
INSERT INTO MOTORISTA VALUES('1201198600438','Lindie','Skittle','Moto','BMR3573');
INSERT INTO MOTORISTA VALUES('1201198962039','Bridie','Icke','Moto','THB6796');
INSERT INTO MOTORISTA VALUES('1201198827920','Adel','Blaksland','Moto','QTM8435');

CREATE TABLE ENCARGADO_INVENTARIO(
IdEncargado        VARCHAR2(13),
Nombre             NVARCHAR2(30) NOT NULL,
Apellido           NVARCHAR2(30) NOT NULL,
PRIMARY KEY(IdEncargado)
);
SELECT*FROM ENCARGADO_INVENTARIO;

--INSERT A ENCARGADO INVENTARIO

INSERT INTO ENCARGADO_INVENTARIO VALUES ('0104198912569','Ana','Rivera');
INSERT INTO ENCARGADO_INVENTARIO VALUES ('0109199098745','Osman','Rojas');
INSERT INTO ENCARGADO_INVENTARIO VALUES ('0110198945698','Maria','Sanchez');
INSERT INTO ENCARGADO_INVENTARIO VALUES ('0210199132684','Fernando','Lopez');
INSERT INTO ENCARGADO_INVENTARIO VALUES ('0211199212589','Fernanda','Rodriguez');
INSERT INTO ENCARGADO_INVENTARIO VALUES ('0304199914523','Fabian','Martinez');
INSERT INTO ENCARGADO_INVENTARIO VALUES ('0315198756894','Denis','Osorto');
INSERT INTO ENCARGADO_INVENTARIO VALUES ('0316198910202','Yoselin','Castro');
INSERT INTO ENCARGADO_INVENTARIO VALUES ('0408199520658','Leonardo','Torres');
INSERT INTO ENCARGADO_INVENTARIO VALUES ('0412199323077','Samuel','Cruz');
INSERT INTO ENCARGADO_INVENTARIO VALUES ('0416199123922','Angie','Caceres');
INSERT INTO ENCARGADO_INVENTARIO VALUES ('0510199708467','Joselin','Martinez');
INSERT INTO ENCARGADO_INVENTARIO VALUES ('0515199845104','Tiburcio','Arteaga');
INSERT INTO ENCARGADO_INVENTARIO VALUES ('0602199710205','Francisco','Marinero');
INSERT INTO ENCARGADO_INVENTARIO VALUES ('0604199914653','Armando','Vargas');
INSERT INTO ENCARGADO_INVENTARIO VALUES ('0612200078235','Grissel','Martinez');
INSERT INTO ENCARGADO_INVENTARIO VALUES ('0710199415936','Angel','Salazar');
INSERT INTO ENCARGADO_INVENTARIO VALUES ('0712199659865','Angeles','Alonso');
INSERT INTO ENCARGADO_INVENTARIO VALUES ('0714198956983','Mari','Mar');
INSERT INTO ENCARGADO_INVENTARIO VALUES ('0801198856895','Jimena','Espinosa');
INSERT INTO ENCARGADO_INVENTARIO VALUES ('0801199013587','Victor','Espinal');
INSERT INTO ENCARGADO_INVENTARIO VALUES ('0801199178456','Francisco','Dormes');
INSERT INTO ENCARGADO_INVENTARIO VALUES ('0801199296140','Ricardo','Soto');
INSERT INTO ENCARGADO_INVENTARIO VALUES ('0801199304869','Jose','Bravo');
INSERT INTO ENCARGADO_INVENTARIO VALUES ('0801199423922','Maria','Martinez');
INSERT INTO ENCARGADO_INVENTARIO VALUES ('0801198922832','Josue','Heredia');
INSERT INTO ENCARGADO_INVENTARIO VALUES ('0801199989899','Israel','Romero');
INSERT INTO ENCARGADO_INVENTARIO VALUES ('0814199877750','Suyapa','Monteros');
INSERT INTO ENCARGADO_INVENTARIO VALUES ('0816199667920','Alejandro','Ramos');
INSERT INTO ENCARGADO_INVENTARIO VALUES ('0909199953083','Marina','Martinez');
INSERT INTO ENCARGADO_INVENTARIO VALUES ('0912200012589','Jeimy','Heredia');
INSERT INTO ENCARGADO_INVENTARIO VALUES ('1001198978461','Olimpia','Costa');
INSERT INTO ENCARGADO_INVENTARIO VALUES ('1008199878213','Mateo','Moreno');
INSERT INTO ENCARGADO_INVENTARIO VALUES ('1104199759112','Fernanda','Flores');
INSERT INTO ENCARGADO_INVENTARIO VALUES ('1303199513020','Andrea','Peralta');
INSERT INTO ENCARGADO_INVENTARIO VALUES ('1406199612537','Lorenzo','Silva');
INSERT INTO ENCARGADO_INVENTARIO VALUES ('1509199248951','David','Catro');
INSERT INTO ENCARGADO_INVENTARIO VALUES ('1608199478452','Reimunda','Navarro');
INSERT INTO ENCARGADO_INVENTARIO VALUES ('1703199313842','Liam','Maldonado');
INSERT INTO ENCARGADO_INVENTARIO VALUES ('1804200048462','Jacobo','Martin');
INSERT INTO ENCARGADO_INVENTARIO VALUES ('0809200017243', 'Edimar', 'Gutierrez');
INSERT INTO ENCARGADO_INVENTARIO VALUES ('0803200051061', 'Patricio', 'Juarez');
INSERT INTO ENCARGADO_INVENTARIO VALUES ('0822199950506', 'Liberio', 'Yaqui');
INSERT INTO ENCARGADO_INVENTARIO VALUES ('0714199928464', 'Kimbell', 'Lobo');
INSERT INTO ENCARGADO_INVENTARIO VALUES ('0806199900053', 'Tamqrah', 'Cotty');
INSERT INTO ENCARGADO_INVENTARIO VALUES ('0421199880021', 'Evvie', 'Tulley');
INSERT INTO ENCARGADO_INVENTARIO VALUES ('1102199836522', 'Matthias', 'Cruz');
INSERT INTO ENCARGADO_INVENTARIO VALUES ('0822199850418', 'Ana', 'Stevenson');
INSERT INTO ENCARGADO_INVENTARIO VALUES ('1206200104867', 'Vanna', 'Torrez');
INSERT INTO ENCARGADO_INVENTARIO VALUES ('1103199770504', 'Akim', 'Fernandez');
INSERT INTO ENCARGADO_INVENTARIO VALUES ('0104199715383', 'Alfi', 'Altamira');
INSERT INTO ENCARGADO_INVENTARIO VALUES ('0821199736818', 'Erinn', 'Perdomo');
INSERT INTO ENCARGADO_INVENTARIO VALUES ('0821199748343', 'Jean', 'Perez');
INSERT INTO ENCARGADO_INVENTARIO VALUES ('0410199615421', 'Kristal', 'Alvarez');
INSERT INTO ENCARGADO_INVENTARIO VALUES ('0712198536056', 'Edwina', 'Lobo');
INSERT INTO ENCARGADO_INVENTARIO VALUES ('1017199612655', 'Carina', 'Archard');
INSERT INTO ENCARGADO_INVENTARIO VALUES ('0809199600572', 'Jeremias', 'Ashlee');
INSERT INTO ENCARGADO_INVENTARIO VALUES ('1001199623874', 'Fonzie', 'Villalobos');
INSERT INTO ENCARGADO_INVENTARIO VALUES ('0206199576680', 'Geremias', 'Carranza');
INSERT INTO ENCARGADO_INVENTARIO VALUES ('0827199546861', 'Maiya', 'Espinoza');
INSERT INTO ENCARGADO_INVENTARIO VALUES ('0411199560071', 'Maria', 'Kenway');
INSERT INTO ENCARGADO_INVENTARIO VALUES ('1503199505345', 'Ansley', 'Fonquernie');
INSERT INTO ENCARGADO_INVENTARIO VALUES ('0405199432676', 'Vikki', 'Goodhall');
INSERT INTO ENCARGADO_INVENTARIO VALUES ('1521199413068', 'Kaleb', 'Arrundale');
INSERT INTO ENCARGADO_INVENTARIO VALUES ('160319940064', 'Nani', 'Orrell');
INSERT INTO ENCARGADO_INVENTARIO VALUES ('1408199454020', 'Erroll', 'Simioli');
INSERT INTO ENCARGADO_INVENTARIO VALUES ('0405198271181', 'Talia', 'Dransfield');
INSERT INTO ENCARGADO_INVENTARIO VALUES ('1009199371008', 'Ula', 'Keling');
INSERT INTO ENCARGADO_INVENTARIO VALUES ('1601199324837', 'Denys', 'Montoya');
INSERT INTO ENCARGADO_INVENTARIO VALUES ('1803199355163', 'Hillel', 'Hasser');
INSERT INTO ENCARGADO_INVENTARIO VALUES ('0821199327401', 'Rina', 'Condor');
INSERT INTO ENCARGADO_INVENTARIO VALUES ('0710199213480', 'Danniel', 'Berre');
INSERT INTO ENCARGADO_INVENTARIO VALUES ('1811199243558', 'Danell', 'Nuñez');
INSERT INTO ENCARGADO_INVENTARIO VALUES ('1402199201880', 'Waylon', 'Murcutt');
INSERT INTO ENCARGADO_INVENTARIO VALUES ('0827200005726', 'Delbert', 'Smurfit');
INSERT INTO ENCARGADO_INVENTARIO VALUES ('0825199932827', 'Stormy', 'Rouff');
INSERT INTO ENCARGADO_INVENTARIO VALUES ('0403199238880', 'Todd', 'Becerra');
INSERT INTO ENCARGADO_INVENTARIO VALUES ('0804199177020', 'Armand', 'Heeks');
INSERT INTO ENCARGADO_INVENTARIO VALUES ('1806199103758', 'Maylu', 'Yaqui');
INSERT INTO ENCARGADO_INVENTARIO VALUES ('0716199117102', 'Adela', 'Paredes');
INSERT INTO ENCARGADO_INVENTARIO VALUES ('1505199168000', 'Filomena', 'Chavarria');
INSERT INTO ENCARGADO_INVENTARIO VALUES ('1509199031743', 'Arlen', 'Villalta');
INSERT INTO ENCARGADO_INVENTARIO VALUES ('0704199003870', 'Nahomy', 'Ixen');
INSERT INTO ENCARGADO_INVENTARIO VALUES ('0907199030061', 'Alon', 'Durango');
INSERT INTO ENCARGADO_INVENTARIO VALUES ('0718198917815', 'Mavis', 'Franzonello');
INSERT INTO ENCARGADO_INVENTARIO VALUES ('1106198918831', 'Remus', 'Deinhardt');
INSERT INTO ENCARGADO_INVENTARIO VALUES ('1523198820280', 'Calida', 'Jeannin');
INSERT INTO ENCARGADO_INVENTARIO VALUES ('1523198873065', 'Lanie', 'Vaca');
INSERT INTO ENCARGADO_INVENTARIO VALUES ('0827198873307', 'Kelvin', 'Cruz');
INSERT INTO ENCARGADO_INVENTARIO VALUES ('0820198763003', 'Pavel', 'Benitez');
INSERT INTO ENCARGADO_INVENTARIO VALUES ('0801198735383', 'Salmon', 'Eddie');
INSERT INTO ENCARGADO_INVENTARIO VALUES ('0718198661857', 'Salli', 'Borg');
INSERT INTO ENCARGADO_INVENTARIO VALUES ('1302198620818', 'Veronika', 'Filip');
INSERT INTO ENCARGADO_INVENTARIO VALUES ('0401198578740', 'Dora', 'Gilton');
INSERT INTO ENCARGADO_INVENTARIO VALUES ('0419198515514', 'Dorothy', 'Keyson');
INSERT INTO ENCARGADO_INVENTARIO VALUES ('0307198480526', 'Melody', 'Juliar');
INSERT INTO ENCARGADO_INVENTARIO VALUES ('0812198444277', 'Bessy', 'Prangle');
INSERT INTO ENCARGADO_INVENTARIO VALUES ('0306198325065', 'Hillary', 'Tanby');
INSERT INTO ENCARGADO_INVENTARIO VALUES ('0705198362707', 'Kira', 'Mendez');
INSERT INTO ENCARGADO_INVENTARIO VALUES ('0603198388014', 'Jessy', 'Osorto');
-------------------------------------------------------------------------------------

CREATE TABLE CLIENTE (
IdCliente VARCHAR2(13),
Nombre    NVARCHAR2(30) NOT NULL,
Apellido  NVARCHAR2(30) NOT NULL,
Genero    CHAR(1) NOT NULL,
Usuario   NVARCHAR2(20) NOT NULL UNIQUE,
Contrasenia NVARCHAR2(20) NOT NULL,
Email     NVARCHAR2(30) NOT NULL UNIQUE, 
Direccion  NVARCHAR2(100) NOT NULL,
IdSegmentacion NVARCHAR2(10) NOT NULL,
PRIMARY KEY (IdCliente),
CONSTRAINT CHK_GENERO CHECK (Genero in ('F','M')),
CONSTRAINT FK_CliSeg FOREIGN KEY (IdSegmentacion) REFERENCES SEGMENTACION(IdSegmentacion)
);
SELECT*FROM CLIENTE;

--INSERT A CLIENTE
INSERT INTO CLIENTE VALUES ('0101197012345','Adrian','Garcia','M','adriG','ag123','adri_gar@gmail.com','Col. 15 de Septiembre, casa 14, La Ceiba, Atlantida','S1'); 
INSERT INTO CLIENTE VALUES ('0101197578451','Lucia','Gonzales','F','luciGon7','miContra','lucia_gonzalez@gmail.com','Col. 15 de Septiembre, casa 6, La Ceiba, Atlantida','S2');
INSERT INTO CLIENTE VALUES ('0102197593256','Sofia','Rodriguez','F','Sofifi92','Buenas12','sofia12@yahoo.com','Col. 15 de Septiembre, casa 14, La Ceiba, Atlantida','S3');
INSERT INTO CLIENTE VALUES ('0103198224569','David','Fernandez','M','Da1Fer','ConCon1','dafer22@yahoo.com','Res. Miramar, casa 10, Tela, Atlantida','S1');
INSERT INTO CLIENTE VALUES ('0103199021469','Marta','Lopez','F','Marez14','Abc567','malo263@gmail.com','Res. Miramar, casa 4, Tela, Atlantida','S4');
INSERT INTO CLIENTE VALUES ('0104199145630','Maria','Gomez','F','Mago24','Facil12','margot2@gmail.com','Res. Miramar, casa 17, Tela, Atlantida','S4');
INSERT INTO CLIENTE VALUES ('0105199270598','Diego','Martin','M','DiMar00','Dificil0','martindiego22@gmail.com','Col. Jose Castro, casa 7, La Ceiba, Atlantida','S4');
INSERT INTO CLIENTE VALUES ('0105199378406','Julia','Jimenez','F','Jiji52','MuyDificil','jjimenez2@yahoo.com','Col. Jose Castro, casa 11, La Ceiba, Atlantida','S4');
INSERT INTO CLIENTE VALUES ('0202197630230','Paula','Alvarado','F','PauPau78','Jaja1452','paulaalvarado@yahoo.com','Res. La Vida, bloque 7, casa 14, Tocoa, Colon','S4');
INSERT INTO CLIENTE VALUES ('0202197868945','Javier','Lopez','M','JaLo1','LaContra','lopezja1@gmail.com','Res. La Vida, bloque 7, casa 1, Tocoa, Colon','S4');
INSERT INTO CLIENTE VALUES ('0303198419735','Valeria','Barahona','F','VaBa2','Adivina','valeria_barahona@yahoo.com','Col. Aguirre Sur, casa 27, La Libertad, Comayagua','S2');
INSERT INTO CLIENTE VALUES ('0303198910987','Daniela','Cruz','F','DaniZ2','MiGato','cruzdani1@gmail.com','Res. Palmeras, bloque 4, casa 12, El Rosario, Comayagua','S4');
INSERT INTO CLIENTE VALUES ('0305199012347','Alejandra','Caceres','F','Ale2Cac','Ale002','aleca26@yahoo.com','Col. Aguirre Sur, casa 25, La Libertad, Comayagua','S2');
INSERT INTO CLIENTE VALUES ('0306199198762','Mario','Avila','M','MarA5','Mario14752','marioavila52@gmail.com','Res. Palmeras, bloque 4, casa 12, El Rosario, Comayagua','S4');
INSERT INTO CLIENTE VALUES ('0306199370258','Sergio','Perez','M','PeSer30','12365Asi','segio15perez@yahoo.com','Col. Aguirre Sur, casa 15, La Libertad, Comayagua','S4');
INSERT INTO CLIENTE VALUES ('0315199530469','Carla','Arias','F','Carlita1','Sencillo14','carlaariash2@gmail.com','Res. Palmeras, bloque 4, casa 11, El Rosario, Comayagua','S4');
INSERT INTO CLIENTE VALUES ('0318199424687','Alejandra','Viera','F','Vieras08','H0l4fff','vieralejandra@yahoo.com','Col. Aguirre Sur, casa 5, La Libertad, Comayagua','S4');
INSERT INTO CLIENTE VALUES ('0401199442014','Valeria','Ruiz','F','RunVa7','ContraLarga','valeru@gmail.com','Col. San Miguel, casa 110, Santa Rosa, Copan','S3');
INSERT INTO CLIENTE VALUES ('0401198610268','Marcos','Marinero','M','Marimar2','MiContra1','marinero263@yahoo.com','Col. San Miguel, casa 150, Santa Rosa, Copan','S3');
INSERT INTO CLIENTE VALUES ('0406198730568','Maria','Mendoza','F','Menza3','Tqmjiji','mendoza200@yahoo.com','Col. San Miguel, casa 120, Santa Rosa, Copan','S4');
INSERT INTO CLIENTE VALUES ('0407197863079','Alba','Won','F','Wuu0','Ay14Ay','alba0407@yahoo.com','Col. Pedregalito, casa 114, La Union, Copan','S4');
INSERT INTO CLIENTE VALUES ('0408198936045','Sara','Torres','F','Sarita12','YaNoSe','torresara89@gmail.com','Col. Pedregalito, casa 20, La Union, Copan','S4');
INSERT INTO CLIENTE VALUES ('0410199036059','Manuel','Vargas','M','Manolo10','ASDF10','manuvar10@yahoo.com','Col. Pedregalito, casa 22, La Union, Copán','S1');
INSERT INTO CLIENTE VALUES ('0411199113890','Martin','Hernandez','M','MarH1','ass22','martinhernandez@gmail.com','Col. San Miguel, casa 40, Santa Rosa, Copan','S4');
INSERT INTO CLIENTE VALUES ('0503198710011','Nicolas','Cruz','M','SanNicolas0','hmc2','nicocruz2@yahoo.com','Res. Santa Elena, bloque 8 ,casa 63, San Pedro Sula, Cortes','S4');
INSERT INTO CLIENTE VALUES ('0506200022052','Carmen','Molina','F','Carmencita14','Bebe10','molina11@yahoo.com','Col. Miramontes, casa 61, San Pedro Sula, Cortes','S2');
INSERT INTO CLIENTE VALUES ('0508199833060','Lara','Hernandez','F','Larara3','FiuFiu1','larahern1@gmail','Res. Santa Elena, bloque 1, casa 4, San Pedro Sula, Cortes','S4');
INSERT INTO CLIENTE VALUES ('0510197948852','Mia','Arias','F','Tuya5','ContraEsMuyDificil12','miarias10@yahoo.com','Col. Miramontes, casa 5, San Pedro Sula, Cortes','S4');
INSERT INTO CLIENTE VALUES ('0512198015205','Jorge','Elvir','M','JoEl2','Imaginacion','elvirjorgito8@yahoo.com','Res. Santa Elena, bloque 5, casa 50, San Pedro Sula, Cortes','S3');
INSERT INTO CLIENTE VALUES ('0603198178946','Valentina','Lopez','F','PezVa7','OK10','valentinagabriell2@yahoo.com','Col. El Venado, casa 14, Marcovia, Choluteca','S4');
INSERT INTO CLIENTE VALUES ('0606197699602','Ivan','Marin','M','Venian3','IvanMarin0','ivancito14@gmail.com','Col. El Venado, casa 1, Marcovia, Choluteca','S4');
INSERT INTO CLIENTE VALUES ('0607199810588','Claudia','Torres','F','Clau3','TorreAlta96','caludiatorres1@yahoo.com','Col. Guacamaya, casa 61, Pespire, Choluteca','S4');
INSERT INTO CLIENTE VALUES ('0610197610365','Jimena','Figueroa','F','Jime001','Feliz2','figueroaj2@gmail.com','Col. Guacamaya, casa 61, Pespire, Choluteca','S3');
INSERT INTO CLIENTE VALUES ('0701199914242','Rocio','Galvez','F','GaRo102','Contra1471','rociogalvez9@yahoo.com','Res. Las Uvas, bloque 2, casa 10, Yuscaran, El Paraiso','S4');
INSERT INTO CLIENTE VALUES ('0705200020302','Carlos','Morazan','M','Chico5','HolaMundo','morazan2000@yahoo.com','Col. San Isidro, casa 4, Moroceli, El Paraiso','S4');
INSERT INTO CLIENTE VALUES ('0707199831302','Alicia','Cruz','F','Licia42','ByeMundo','alicia42@yahoo.com','Res. Las Uva, bloque 4, casa 40, Yuscaran, El Paraiso','S4');
INSERT INTO CLIENTE VALUES ('0709198689944','Maria','Santino','F','Mariita0709','Bro35','mariasantino@gmail.com','Col. San Isidro, casa 8, Moroceli, El Paraiso','S4');
INSERT INTO CLIENTE VALUES ('0713198955263','Miguel','Alvaro','M','Miguelon4','MiguelA1','miguelito0@gmail.com','Res. Las Uva, bloque 2, casa 8, Yuscaran, El Paraiso','S4');
INSERT INTO CLIENTE VALUES ('0801198789626','Oscar','Arias','M','Oscarito','contra123','oscarariash23@gmail.com','Col. El Hato, casa 8, Tegucigalpa, FM','S1');
INSERT INTO CLIENTE VALUES ('0801198920694','Fernando','Hernandez','M','Fercho08','muydificil99','ferhernandez08@gmail.com','Res. Las Hadas, bloque 1, casa 14, Tegucigalpa, FM','S4');
INSERT INTO CLIENTE VALUES ('0801199110603','Andres','Alvarado','M','AAlva91','muyfacil1','andresalejandro11@gmail.com','Col. El Hato, casa 10, Tegucigalpa, FM','S4');
INSERT INTO CLIENTE VALUES ('0801199317850','Andrea','Barahona','F','Barabara','asdfghjkl','barahonaandrea2@yahoo.com','Res. Las Hadas, bloque 2, casa 24, Tegucigalpa, FM','S4');
INSERT INTO CLIENTE VALUES ('0801199575230','Ariana','Colindres','F','AriCol111','ariana111','arianaccolindrez@yahoo.com','Col. El Hato, casa 12, Tegucigalpa, FM','S3');
INSERT INTO CLIENTE VALUES ('0801199775321','Megan','Torres','F','MeTo77','VidaBuena','megantorres1@yahoo.com','Res. Las Hadas, bloque 2, casa 26, Tegucigalpa, FM','S4');
INSERT INTO CLIENTE VALUES ('0801199798745','Juana','Perez','F','JuanitaP22','asd123','juanaperez111@yahoo.com','Col. El Hato, casa 14, Tegucigalpa, FM','S4');
INSERT INTO CLIENTE VALUES ('0801199832045','Juan','Franciscano','M','FranJu83','omaigad83','franciscanoja@gmail.com','Col. El Pedregal, casa 7, Tegucigalpa, FM','S4');
INSERT INTO CLIENTE VALUES ('0801199978961','Sofia','Smith','F','PrincessSophi','princesa','smithsofia14@gmail.com','Col. El Pedregal, casa 14, Tegucigalpa, FM','S4');
INSERT INTO CLIENTE VALUES ('0804198901023','Julissa','Aras','F','JuliA22','miContra123','arasjulissap@gmail.com','Res. Las Hadas, bloque 3, casa 30, Tegucigalpa, FM','S2');
INSERT INTO CLIENTE VALUES ('0804200050356','Natanael','Molina','M','NataMo2000','142536a','natamolina22@gmail.com','Col. El Pedregal, casa 21, Tegucigalpa, FM','S3');
INSERT INTO CLIENTE VALUES ('0811199997528','Gerson','Rapalo','M','RapaloG1','easy111','gersonrapalob@gmail.com','Col. El Pedregal, casa 28, Tegucigalpa, FM','S4');
INSERT INTO CLIENTE VALUES ('0901197012345','Andres','Garcia','M','andreG','ag123','andre_gar@gmail.com','Col. 28 de Septiembre, casa 14, Puerto Lempira, Gracias A Dios','S4');
INSERT INTO CLIENTE VALUES ('0901197578452','Luciana','Gonzalez','F','luciaGon70','miContra','lucia_gonzalez70@gmail.com','Col. 28 de Septiembre, casa 6, Puerto Lempira, Gracias A Dios','S4');
INSERT INTO CLIENTE VALUES ('0902197593256','Sofia','Maradiaga','F','SofifiM9','Buenas12','sofiamaradiaga@yahoo.com','Col. 28 de Septiembre, casa 14, Puerto Lempira, Gracias A Dios','S3');
INSERT INTO CLIENTE VALUES ('0903198224569','David','Hernandez','M','Da1Her','ConCon1','daher2@yahoo.com','Res. Mirana, casa 10, Puerto Lempira, Gracias A Dios','S4');
INSERT INTO CLIENTE VALUES ('0903199021469','Martha','Lopez','F','MaThaRez14','Abc567','malo26@gmail.com','Res. Mirana, casa 4, Puerto Lempira, Gracias A Dios','S4');
INSERT INTO CLIENTE VALUES ('0904199145630','Mariana','Gomez','F','Marigo24','Facil12','mariagot2@gmail.com','Res. Mirana, casa 17, Puerto Lempira, Gracias A Dios','S4');
INSERT INTO CLIENTE VALUES ('0905199270598','Diego','Martinez','M','DieMar01','Dificil0','martindiego98@gmail.com','Col. Cecilio del Valle, casa 7, Puerto Lempira, Gracias A Dios','S4');
INSERT INTO CLIENTE VALUES ('0905199378406','Juliana','Jimenez','F','Jiji53','MuyDificil','janajimenez2@yahoo.com','Col. Cecilio del Valle, casa 11, Puerto Lempira, Gracias A Dios','S4');
INSERT INTO CLIENTE VALUES ('1002197630230','Paulina','Alvarado','F','PauPauA78','Jaja1452','paulinaalvarado@yahoo.com','Res. Vida Buena, bloque 7, casa 14, La Esperanza, Intibuca','S4');
INSERT INTO CLIENTE VALUES ('1002197868945','Javier','Smith','M','JaSm1','LaContra','smithja1@gmail.com','Res. Vida Buena, bloque 7, casa 1, La Esperanza, Intibuca','S4');
INSERT INTO CLIENTE VALUES ('1003198419735','Valeriana','Barahona','F','VaNaBa2','Adivina','valeriana_barahona@yahoo.com','Col. Cecilio del Valle, casa 27, La Esperanza, Intibuca','S4');
INSERT INTO CLIENTE VALUES ('1003198910987','Daniela','Colindres','F','DaniC2','MiGato','colindani1@gmail.com','Res. Palmira, bloque 4, casa 12, La Esperanza, Intibuca','S4');
INSERT INTO CLIENTE VALUES ('1005199012347','Alejandro','Caceres','M','AlejCac','Ale002','alejcac26@yahoo.com','Col. Cecilio del Valle, casa 25, La Esperanza, Intibuca','S4');
INSERT INTO CLIENTE VALUES ('1006199198762','Mario','Avilera','M','MarAla5','Mario14752','marioavilera52@gmail.com','Res. Palmira, bloque 4, casa 12, La Esperanza, Intibuca','S4');
INSERT INTO CLIENTE VALUES ('1006199370258','Sergio','Perez','M','PeSer300','12365Asi','segio5perez@yahoo.com','Col. Cecilio del Valle, casa 15, La Esperanza, Intibuca','S4');
INSERT INTO CLIENTE VALUES ('1015199530469','Karla','Arias','F','Karlita1','Sencillo14','karlaariash2@gmail.com','Res. Palmira, bloque 4, casa 11, La Esperanza, Intibuca','S2');
INSERT INTO CLIENTE VALUES ('1018199424687','Alejandra','Vaca','F','Vacas08','H0l4fff','vacalejandra@yahoo.com','Col. Cecilio del Valle, casa 5, La Esperanza, Intibuca','S4');
INSERT INTO CLIENTE VALUES ('1101199442014','Valeria','Ruina','F','RuinVa7','ContraLarga','valeruina@gmail.com','Col. San Miguel Arcangel, casa 110, Roatan, Islas de la Bahia','S4');
INSERT INTO CLIENTE VALUES ('1201198610268','Marcos','Marinela','M','MarNel2','MiContra1','marinela263@yahoo.com','Col. San Miguel Arcangel, casa 150, La Paz, La Paz','S4');
INSERT INTO CLIENTE VALUES ('1206198730568','Mariana','Mendoza','F','MenzaM3','Tqmjiji','mendozaM200@yahoo.com','Col. San Miguel Arcangel, casa 120, La Paz, La Paz','S1');
INSERT INTO CLIENTE VALUES ('1207197863079','Albania','Kim','F','Wuuuju0','KiMNajoon01','albania0407@yahoo.com','Col. Verano, casa 114, Roatan, La Paz, La Paz','S4');
INSERT INTO CLIENTE VALUES ('1208198936045','Sarahi','Torres','F','SaritaT12','SaraT22','torresarahi89@gmail.com','Col. Verano, casa 20, La Paz, La Paz','S4');
INSERT INTO CLIENTE VALUES ('1210199036059','Manuelo','Vargas','M','Manolito10','ASDF10','manuelovar10@yahoo.com','Col. Verano, casa 22, Roatan, La Paz, La Paz','S4');
INSERT INTO CLIENTE VALUES ('1211199113890','Martinito','Hernandez','M','MartiH1','ass22','martinitohernandez@gmail.com','Col. San Miguel Arcangel, casa 40, La Paz, La Paz','S4');
INSERT INTO CLIENTE VALUES ('1303198710011','Nicolas','Mendoza','M','Colocho0','hmc2','nicomendo2@yahoo.com','Res. Santa Clara, bloque 8 ,casa 63, Gracias, Lempira','S4');
INSERT INTO CLIENTE VALUES ('1306200022052','Carmela','Molina','F','Carmenlita14','Bebe10','molinac11@yahoo.com','Col. Saltamontes, casa 61, Gracias, Lempira','S4');
INSERT INTO CLIENTE VALUES ('1308199833060','Larai','Hernandez','F','Lararai3','FiuFiu1','laraihern1@gmail','Res. Santa Clara, bloque 1, casa 4, Gracias, Lempira','S4');
INSERT INTO CLIENTE VALUES ('1310197948852','Mia','Corea','F','TuyaBB','MiContraMuyDificil12','miacorea10@yahoo.com','Col. Saltamontes, casa 5, Gracias, Lempira','S4');
INSERT INTO CLIENTE VALUES ('1312198015205','Jorge','Elvira','M','JoEal2','Imaginacion','elvirajorgito8@yahoo.com','Res. Santa Clara, bloque 5, casa 50, Gracias, Lempira','S4');
INSERT INTO CLIENTE VALUES ('1403198178946','Valentina','Sanz','F','SanzVa7','OK10','valentinasanz2@yahoo.com','Col. Chico Morazan, casa 14, Concepcion, Ocotepeque','S4');
INSERT INTO CLIENTE VALUES ('1406197699602','Ivan','Marino','M','Venian30','IvanMarin0','ivancito114@gmail.com','Col. Chico Morazan, casa 1, Concepcion, Ocotepeque','S4');
INSERT INTO CLIENTE VALUES ('1407199810588','Claudia','Estevez','F','ClauE3','TorreAlta96','caludiaes1@yahoo.com','Col. Guara Roja, casa 61, Concepcion, Ocotepeque','S4');
INSERT INTO CLIENTE VALUES ('1410197610365','Yimena','Figueroa','F','Yime001','Feliz2','figueroay2@gmail.com','Col. Guara Roja, casa 61, Concepcion, Ocotepeque','S4');
INSERT INTO CLIENTE VALUES ('1501199914242','Julia','Galvez','F','GaJu102','Contra1471','juliagalvez9@yahoo.com','Res. Molina, bloque 2, casa 10, Juticalpa, Olancho','S4');
INSERT INTO CLIENTE VALUES ('1505200020302','Carlo','Morazan','M','Chico50','HolaMundo','morazancarlo2000@yahoo.com','Col. San Pedro, casa 4, Juticalpa, Olancho','S4');
INSERT INTO CLIENTE VALUES ('1507199831302','Ali','Cruz','F','lili42','ByeMundo','ali42@yahoo.com','Res. Molina, bloque 4, casa 40, Juticalpa, Olancho','S1');
INSERT INTO CLIENTE VALUES ('1509198689944','Mariana','Santino','F','Marianita0709','Bro35','marianasantino@gmail.com','Col. San Pedro, casa 8, Juticalpa, Olancho','S4');
INSERT INTO CLIENTE VALUES ('1513198955263','Miguel','Alvarenga','M','Miguelito4','MiguelA1','miguelito02@gmail.com','Res. Molina, bloque 2, casa 8, Juticalpa, Olancho','S4');
INSERT INTO CLIENTE VALUES ('1601198789626','Armando','Arias','M','ArmandoCASAS','contra123','armandoariash23@gmail.com','Col. El Prado, casa 8, Santa Barbara, Santa Barbara','S4');
INSERT INTO CLIENTE VALUES ('1601198920694','Fer','Hernandez','M','Ferchi08','muydificil99','ferchihernandez08@gmail.com','Res. Nuevo Amanecer, bloque 1, casa 14, Santa Barbara, Santa Barbara','S4');
INSERT INTO CLIENTE VALUES ('1601199110603','Andres','Alvaro','M','AAlvaro91','muyfacil1','andresalvaro11@gmail.com','Col. El Prado, casa 10, Santa Barbara, Santa Barbara','S4');
INSERT INTO CLIENTE VALUES ('1701199317850','Andrea','Baquedano','F','Baquea22','asdfghjkl','baquedanoandrea2@yahoo.com','Res. Nuevo Amanecer, bloque 2, casa 24, Alianza, Valle','S4');
INSERT INTO CLIENTE VALUES ('1701199575230','Mariana','Colindres','F','MAriCol111','mariana111','marianaccolindrez@yahoo.com','Col. El Prado, casa 12, Alianza, Valle','S4');
INSERT INTO CLIENTE VALUES ('1701199775321','Samanta','Torres','F','SATo77','VidaBuena','samatorres1@yahoo.com','Res. Nuevo Amanecer, bloque 2, casa 26, Amapala, Valle','S4');
INSERT INTO CLIENTE VALUES ('1701199798745','Juliana','Perez','F','JulianitaP22','asd123','julianaperez111@yahoo.com','Col. El Prado, casa 14, Amapala, Valle','S4');
INSERT INTO CLIENTE VALUES ('1801199832045','Juan','Castro','M','CasJu83','omaigad83','franciscanojuan@gmail.com','Col. La Vega, casa 7, Yoro, Yoro','S4');
INSERT INTO CLIENTE VALUES ('1801199978961','Dante','Smith','M','Prince2','princeso','smithdante14@gmail.com','Col. La Vega, casa 14, El Negrito, Yoro','S4');
INSERT INTO CLIENTE VALUES ('1804198901023','Julisa','Avila','F','JuliAvi22','miContra123','avilajulissap@gmail.com','Res. Nuevo Amanecer, bloque 3, casa 30, Yoro, Yoro','S4');
INSERT INTO CLIENTE VALUES ('1804200050356','Jonathan','Molina','M','JonaMo2000','142536a','jonamolina22@gmail.com','Col. La Vega, casa 21, El Negrito, Yoro','S4');
INSERT INTO CLIENTE VALUES ('1811199997528','Isai','Rapalo','M','RapaloI1','easy111','isairapalob@gmail.com','Col. La Vega, casa 28, Yoro, Yoro','S4');
INSERT INTO CLIENTE VALUES ('1812198907528','Rackel','Viera','F','RackoI1','easyyy111','rackaviera@gmail.com','Col. La Vega, casa 11, Yoro, Yoro','S4');
INSERT INTO CLIENTE VALUES ('1811197807208','Vanessa','Mendoza','F','vabe11','dificil521','vanemendoza@gmail.com','Col. Sagastume, casa 2, Yoro, Yoro','S4');


CREATE TABLE PRODUCTO (
IdProducto NVARCHAR2(10),
Nombre NVARCHAR2(30) NOT NULL,
Precio FLOAT NOT NULL,
IdMarca NVARCHAR2(10) NOT NULL,
PRIMARY KEY (IdProducto),
CONSTRAINT FK_ProMar FOREIGN KEY (IdMarca) REFERENCES MARCA(IdMarca)
);
SELECT*FROM PRODUCTO;

INSERT INTO PRODUCTO VALUES ('2026708440', 'Vestido de encaje', '737.82', 'M005');
INSERT INTO PRODUCTO VALUES ('4042181910', 'Vestido tie-dye ', '404.41', 'M020');
INSERT INTO PRODUCTO VALUES ('1246372561', 'Vestido con abertura delantera', '817.64', 'M006');
INSERT INTO PRODUCTO VALUES ('1205310108', 'Vestido ajustado', '505.54', 'M005');
INSERT INTO PRODUCTO VALUES ('7378977080', 'Vestido estampado floral', '663.41', 'M012');
INSERT INTO PRODUCTO VALUES ('0301029149', 'Vestido de tirantes', '525.39', 'M015');
INSERT INTO PRODUCTO VALUES ('3128926394', 'Vestido con cinturón', '743.49', 'M018');
INSERT INTO PRODUCTO VALUES ('7464304279', 'Vestido largo', '604.51', 'M005');
INSERT INTO PRODUCTO VALUES ('0326543268', 'Vestido de lunares', '598.50', 'M096');
INSERT INTO PRODUCTO VALUES ('0963527913', 'Vestido espalda abierta', '659.42', 'M081');
INSERT INTO PRODUCTO VALUES ('3173037264', 'Vestido de tirantes ajustado', '519.18', 'M074');
INSERT INTO PRODUCTO VALUES ('6523949652', 'Vestido linea A', '567.49', 'M004');
INSERT INTO PRODUCTO VALUES ('2748144518', 'Camisa', '296.31', 'M015');
INSERT INTO PRODUCTO VALUES ('4353263894', 'Camisa de rayas', '236.11', 'M097');
INSERT INTO PRODUCTO VALUES ('5342602902', 'Camisa de manga obispo', '396.50', 'M068');
INSERT INTO PRODUCTO VALUES ('2323325789', 'Camisa con boton delantero', '396.57' , 'M092');
INSERT INTO PRODUCTO VALUES ('1746390202', 'Camisa floral', '296.44', 'M076');
INSERT INTO PRODUCTO VALUES ('7431921578', 'Camisa de manga enrollada', '346.47', 'M059');
INSERT INTO PRODUCTO VALUES ('3483826523', 'Camisa de doble bolsillo', '496.31', 'M063');
INSERT INTO PRODUCTO VALUES ('1124138951', 'Camisa lisa con nudo', '263.07', 'M019');
INSERT INTO PRODUCTO VALUES ('4714576246', 'Camisa tie-dye', '379.28', 'M016');
INSERT INTO PRODUCTO VALUES ('5974942826', 'Camisa doble color', '262.21', 'M005');
INSERT INTO PRODUCTO VALUES ('3426517661', 'Camiseta tejida', '213.69', 'M001');
INSERT INTO PRODUCTO VALUES ('2971301903', 'Camiseta hombros caidos', '114.48', 'M002');
INSERT INTO PRODUCTO VALUES ('5429172818', 'Camiseta de manga volante', '323.16', 'M003');
INSERT INTO PRODUCTO VALUES ('4092031659', 'Camiseta anime', '370.11', 'M004');
INSERT INTO PRODUCTO VALUES ('0395088289', 'Camiseta con bolsillo', '250.28', 'M001');
INSERT INTO PRODUCTO VALUES ('3450924561', 'Camiseta con bordado', '258.25', 'M001');
INSERT INTO PRODUCTO VALUES ('3810208755', 'Camiseta con bordado de flor', '328.15', 'M003');
INSERT INTO PRODUCTO VALUES ('1936403508', 'Camiseta con bordado de piña', '235.56', 'M007');
INSERT INTO PRODUCTO VALUES ('5368023274', 'Camiseta con bordado de fresa', '266.38', 'M004');
INSERT INTO PRODUCTO VALUES ('0354209327', 'Camiseta con bordado de limón', '234.50', 'M010');
INSERT INTO PRODUCTO VALUES ('3194629047', 'Camiseta corta', '268.15', 'M001');
INSERT INTO PRODUCTO VALUES ('2209367189', 'Camiseta con estampado', '328.15', 'M018');
INSERT INTO PRODUCTO VALUES ('5430280389', 'Camiseta con figura', '318.38', 'M012');
INSERT INTO PRODUCTO VALUES ('0653280753', 'Camiseta con estampado ', '258.44', 'M015');
INSERT INTO PRODUCTO VALUES ('1273253105', 'Blusa estampado floral', '398.44', 'M017');
INSERT INTO PRODUCTO VALUES ('3125342792', 'Blusa estampado corazones', '327.18', 'M037');
INSERT INTO PRODUCTO VALUES ('2072436801', 'Blusa estampado de lunares', '420.38', 'M066');
INSERT INTO PRODUCTO VALUES ('5343252739', 'Blusa de encaje', '358.26', 'M027');
INSERT INTO PRODUCTO VALUES ('2037454326', 'Blusa con fruncido ', '399.50', 'M007');
INSERT INTO PRODUCTO VALUES ('3064232567', 'Blusa con cinturon', '498.44', 'M008');
INSERT INTO PRODUCTO VALUES ('2381542361', 'Blusa de cuello V', '322.12', 'M049');
INSERT INTO PRODUCTO VALUES ('4735233387', 'Blusa con cordon trasero', '317.25', 'M078');
INSERT INTO PRODUCTO VALUES ('2942023850', 'Chaqueta de cuero', '579.90', 'M013');
INSERT INTO PRODUCTO VALUES ('4092080797', 'Chaqueta jeans', '515.51', 'M019');
INSERT INTO PRODUCTO VALUES ('2836532570', 'Chaqueta jeans rasgada', '600.50', 'M099');
INSERT INTO PRODUCTO VALUES ('2592080797', 'Chaqueta con estampado corazon', '549.39', 'M087');
INSERT INTO PRODUCTO VALUES ('0579015390', 'Sudadera', '340.51', 'M001');
INSERT INTO PRODUCTO VALUES ('2763419293', 'Sudadera bolsillo de canguro', '380.56', 'M087');
INSERT INTO PRODUCTO VALUES ('8262336793', 'Sudadera con estampado', '400.50', 'M069');
INSERT INTO PRODUCTO VALUES ('7532373920', 'Sudadera con bordado', '340.57', 'M076');
INSERT INTO PRODUCTO VALUES ('9765443357', 'Sudadera con carita feliz', '440.38', 'M080');
INSERT INTO PRODUCTO VALUES ('8645379716', 'Sudadera termica', '500.45', 'M093');
INSERT INTO PRODUCTO VALUES ('7296808120', 'Medias', '146.47', 'M022');
INSERT INTO PRODUCTO VALUES ('9359701706', 'Jeans roto', '469.75', 'M037');
INSERT INTO PRODUCTO VALUES ('8647531015', 'Jeans roto de pierna ancha', '420.86', 'M033');
INSERT INTO PRODUCTO VALUES ('1242612381', 'Jeans bolsillo oblicuo', '532.38', 'M031');
INSERT INTO PRODUCTO VALUES ('5295118496', 'Jeans de pierna ancha', '594.46', 'M008');
INSERT INTO PRODUCTO VALUES ('3970739027', 'Jeans talle alto', '450.91', 'M008');
INSERT INTO PRODUCTO VALUES ('5127923360', 'Jeans talle alto con lavado', '518.31', 'M021');
INSERT INTO PRODUCTO VALUES ('4004638544', 'Jeans de talle alto rectos', '496.08', 'M035');
INSERT INTO PRODUCTO VALUES ('2036561612', 'Jeans corte recto', '424.23', 'M035');
INSERT INTO PRODUCTO VALUES ('5471623721', 'Jeans acampanado', '421.55', 'M038');
INSERT INTO PRODUCTO VALUES ('0927914059', 'Jeans ajustados rotos', '476.19', 'M025');
INSERT INTO PRODUCTO VALUES ('0257052803', 'Jeans de pierna recta', '690.78', 'M006');
INSERT INTO PRODUCTO VALUES ('2416707570', 'MOM Jeans', '691.21', 'M007');
INSERT INTO PRODUCTO VALUES ('4369208753', 'MOM Jeans desgarro talle alto', '711.55', 'M081');
INSERT INTO PRODUCTO VALUES ('5343279273', 'MOM Jeans pierna recta', '591.37', 'M059');
INSERT INTO PRODUCTO VALUES ('2865325783', 'MOM Jeans estampado', '659.27', 'M060');
INSERT INTO PRODUCTO VALUES ('6318158609', 'Buso ancho', '212.70', 'M020');
INSERT INTO PRODUCTO VALUES ('4724371292', 'Buso cintura elastica', '255.35', 'M085');
INSERT INTO PRODUCTO VALUES ('4620647107', 'Top', '220.68', 'M015');
INSERT INTO PRODUCTO VALUES ('0250204314', 'Top manga larga', '399.22', 'M001');
INSERT INTO PRODUCTO VALUES ('3859815751', 'Top de encaje', '302.66', 'M088');
INSERT INTO PRODUCTO VALUES ('7354326800', 'Top tejido', '222.36', 'M074');
INSERT INTO PRODUCTO VALUES ('9375235683', 'Top de tirantes', '376.38', 'M096');
INSERT INTO PRODUCTO VALUES ('8634323589', 'Top pecho fruncido', '350.28', 'M076');
INSERT INTO PRODUCTO VALUES ('1454540387', 'Sobre camisa corta', '315.36', 'M010');
INSERT INTO PRODUCTO VALUES ('1811108609', 'Sobre camisa larga', '389.83', 'M001');
INSERT INTO PRODUCTO VALUES ('5957518286', 'Sobre camisa rota', '324.12', 'M009');
INSERT INTO PRODUCTO VALUES ('2344484542', 'Sobre camisa tie-dye', '365.15' , 'M001');
INSERT INTO PRODUCTO VALUES ('0828402790', 'Shorts rotos', '356.15', 'M033');
INSERT INTO PRODUCTO VALUES ('7542089753', 'Shorts flojos', '345.50', 'M020');
INSERT INTO PRODUCTO VALUES ('5438025424', 'Shorts de cintura elastica', '366.40', 'M029');
INSERT INTO PRODUCTO VALUES ('7343212939', 'Shorts nudo liso casual', '246.38', 'M010');
INSERT INTO PRODUCTO VALUES ('6283624326', 'Shorts rotos', '356.25', 'M040');
INSERT INTO PRODUCTO VALUES ('8243689203', 'Shorts deportivos', '156.18', 'M020');
INSERT INTO PRODUCTO VALUES ('7639532673', 'Shorts pierna recta ', '266.50', 'M040');
INSERT INTO PRODUCTO VALUES ('2830384524', 'Shorts con estampado de anime ', '356.55', 'M018');
INSERT INTO PRODUCTO VALUES ('0962360229', 'Falda corta estampada', '400.68', 'M031');
INSERT INTO PRODUCTO VALUES ('8528573238', 'Falda corta con abertura', '368.15', 'M001');
INSERT INTO PRODUCTO VALUES ('0482630945', 'Falda corta de encaje', '428.15', 'M012');
INSERT INTO PRODUCTO VALUES ('7652430917', 'Falda corte A', '368.15', 'M004');
INSERT INTO PRODUCTO VALUES ('6785301279', 'Falda pegada', '298.15', 'M005');
INSERT INTO PRODUCTO VALUES ('9015183852', 'Falda abertura en la pierna', '317.98', 'M005');
INSERT INTO PRODUCTO VALUES ('5716437709', 'Falda floral larga', '593.77', 'M004');
INSERT INTO PRODUCTO VALUES ('6424804997', 'Falda verde larga', '576.58', 'M005');
INSERT INTO PRODUCTO VALUES ('1912193161', 'Falda corta de cuero', '449.21', 'M006');
INSERT INTO PRODUCTO VALUES ('9667992475', 'Falda corta', '302.92', 'M002');
INSERT INTO PRODUCTO VALUES ('1156980001', 'Zapatos cafes', '402.92', 'M101');
INSERT INTO PRODUCTO VALUES ('1256980001', 'Corbata de rombos', '402.92', 'M099');
INSERT INTO PRODUCTO VALUES ('1156080001', 'Bolso de fresas', '109.10', 'M098');
INSERT INTO PRODUCTO VALUES ('1256780001', 'Accesorio', '420.92', 'M097');
INSERT INTO PRODUCTO VALUES ('1100780001', 'Salida de baño', '100.92', 'M096');
INSERT INTO PRODUCTO VALUES ('2356980001', 'Tenis morados', '615.92', 'M095');
INSERT INTO PRODUCTO VALUES ('2356980051', 'Zapatos rojos', '440.50', 'M094');
INSERT INTO PRODUCTO VALUES ('4756980001', 'Zapatos negros', '499.99', 'M093');
INSERT INTO PRODUCTO VALUES ('1156080201', 'Bolso de anime', '120.10', 'M098');
INSERT INTO PRODUCTO VALUES ('1156088601', 'Mono de estampado', '500.10', 'M096');
INSERT INTO PRODUCTO VALUES ('6856080001', 'Mono sin tirantes', '510.10', 'M095');
INSERT INTO PRODUCTO VALUES ('1246520201', 'Botas cafes', '320.50', 'M078');
INSERT INTO PRODUCTO VALUES ('1356881601', 'Reloj de brillos', '150.10', 'M096');
INSERT INTO PRODUCTO VALUES ('6856080241', 'Saco negro', '510.10', 'M095');




CREATE TABLE CARRITO (
IdCarrito NVARCHAR2(10),
CantidadCompras INT NOT NULL,
IdCliente VARCHAR2(13) NOT NULL,
PRIMARY KEY (IdCarrito),
CONSTRAINT FK_CarCli FOREIGN KEY (IdCliente) REFERENCES CLIENTE(IdCliente)
);
SELECT*FROM CARRITO;

--INSERT EN CARRITO
INSERT INTO CARRITO VALUES ('C1',5,'0101197012345');
INSERT INTO CARRITO VALUES ('C2',4,'0101197578451');
INSERT INTO CARRITO VALUES ('C3',3,'0102197593256');
INSERT INTO CARRITO VALUES ('C4',6,'0103198224569');
INSERT INTO CARRITO VALUES ('C5',1,'0103199021469');
INSERT INTO CARRITO VALUES ('C6',0,'0104199145630');
INSERT INTO CARRITO VALUES ('C7',0,'0105199270598');
INSERT INTO CARRITO VALUES ('C8',2,'0105199378406');
INSERT INTO CARRITO VALUES ('C9',1,'0202197630230');
INSERT INTO CARRITO VALUES ('C10',0,'0202197868945');
INSERT INTO CARRITO VALUES ('C11',4,'0303198419735');
INSERT INTO CARRITO VALUES ('C12',0,'0303198910987');
INSERT INTO CARRITO VALUES ('C13',4,'0305199012347');
INSERT INTO CARRITO VALUES ('C14',0,'0306199198762');
INSERT INTO CARRITO VALUES ('C15',0,'0306199370258');
INSERT INTO CARRITO VALUES ('C16',0,'0315199530469');
INSERT INTO CARRITO VALUES ('C17',0,'0318199424687');
INSERT INTO CARRITO VALUES ('C18',3,'0401199442014');
INSERT INTO CARRITO VALUES ('C19',3,'0401198610268');
INSERT INTO CARRITO VALUES ('C20',1,'0406198730568');
INSERT INTO CARRITO VALUES ('C21',1,'0407197863079');
INSERT INTO CARRITO VALUES ('C22',0,'0408198936045');
INSERT INTO CARRITO VALUES ('C23',5,'0410199036059');
INSERT INTO CARRITO VALUES ('C24',0,'0411199113890');
INSERT INTO CARRITO VALUES ('C25',1,'0503198710011');
INSERT INTO CARRITO VALUES ('C26',4,'0506200022052');
INSERT INTO CARRITO VALUES ('C27',1,'0508199833060');
INSERT INTO CARRITO VALUES ('C28',1,'0510197948852');
INSERT INTO CARRITO VALUES ('C29',3,'0512198015205');
INSERT INTO CARRITO VALUES ('C30',0,'0603198178946');
INSERT INTO CARRITO VALUES ('C31',0,'0606197699602');
INSERT INTO CARRITO VALUES ('C32',0,'0607199810588');
INSERT INTO CARRITO VALUES ('C33',3,'0610197610365');
INSERT INTO CARRITO VALUES ('C34',0,'0701199914242');
INSERT INTO CARRITO VALUES ('C35',1,'0705200020302');
INSERT INTO CARRITO VALUES ('C36',0,'0707199831302');
INSERT INTO CARRITO VALUES ('C37',0,'0709198689944');
INSERT INTO CARRITO VALUES ('C38',1,'0713198955263');
INSERT INTO CARRITO VALUES ('C39',5,'0801198789626');
INSERT INTO CARRITO VALUES ('C40',1,'0801198920694');
INSERT INTO CARRITO VALUES ('C41',0,'0801199110603');
INSERT INTO CARRITO VALUES ('C42',1,'0801199317850');
INSERT INTO CARRITO VALUES ('C43',3,'0801199575230');
INSERT INTO CARRITO VALUES ('C44',0,'0801199775321');
INSERT INTO CARRITO VALUES ('C45',0,'0801199798745');
INSERT INTO CARRITO VALUES ('C46',0,'0801199832045');
INSERT INTO CARRITO VALUES ('C47',0,'0801199978961');
INSERT INTO CARRITO VALUES ('C48',4,'0804198901023');
INSERT INTO CARRITO VALUES ('C49',3,'0804200050356');
INSERT INTO CARRITO VALUES ('C50',2,'0811199997528');
INSERT INTO CARRITO VALUES ('C51',0,'0901197012345');
INSERT INTO CARRITO VALUES ('C52',0,'0901197578452'); 
INSERT INTO CARRITO VALUES ('C53',3,'0902197593256');
INSERT INTO CARRITO VALUES ('C54',1,'0903198224569');
INSERT INTO CARRITO VALUES ('C55',1,'0903199021469');
INSERT INTO CARRITO VALUES ('C56',0,'0904199145630');
INSERT INTO CARRITO VALUES ('C57',1,'0905199270598');
INSERT INTO CARRITO VALUES ('C58',0,'0905199378406');
INSERT INTO CARRITO VALUES ('C59',0,'1002197630230');
INSERT INTO CARRITO VALUES ('C60',0,'1002197868945');
INSERT INTO CARRITO VALUES ('C61',0,'1003198419735');
INSERT INTO CARRITO VALUES ('C62',0,'1003198910987');
INSERT INTO CARRITO VALUES ('C63',0,'1005199012347');
INSERT INTO CARRITO VALUES ('C64',0,'1006199198762');
INSERT INTO CARRITO VALUES ('C65',0,'1006199370258');
INSERT INTO CARRITO VALUES ('C66',4,'1015199530469');
INSERT INTO CARRITO VALUES ('C67',0,'1018199424687');
INSERT INTO CARRITO VALUES ('C68',0,'1101199442014');
INSERT INTO CARRITO VALUES ('C69',0,'1201198610268');
INSERT INTO CARRITO VALUES ('C70',5,'1206198730568');
INSERT INTO CARRITO VALUES ('C71',0,'1207197863079');
INSERT INTO CARRITO VALUES ('C72',0,'1208198936045');
INSERT INTO CARRITO VALUES ('C73',0,'1210199036059');
INSERT INTO CARRITO VALUES ('C74',2,'1211199113890');
INSERT INTO CARRITO VALUES ('C75',0,'1303198710011');
INSERT INTO CARRITO VALUES ('C76',0,'1306200022052');
INSERT INTO CARRITO VALUES ('C77',0,'1308199833060');
INSERT INTO CARRITO VALUES ('C78',0,'1310197948852');
INSERT INTO CARRITO VALUES ('C79',0,'1312198015205');
INSERT INTO CARRITO VALUES ('C80',0,'1403198178946');
INSERT INTO CARRITO VALUES ('C81',0,'1406197699602');
INSERT INTO CARRITO VALUES ('C82',0,'1407199810588');
INSERT INTO CARRITO VALUES ('C83',0,'1410197610365');
INSERT INTO CARRITO VALUES ('C84',0,'1501199914242');
INSERT INTO CARRITO VALUES ('C85',0,'1505200020302');
INSERT INTO CARRITO VALUES ('C86',5,'1507199831302');
INSERT INTO CARRITO VALUES ('C87',0,'1509198689944');
INSERT INTO CARRITO VALUES ('C88',0,'1513198955263');
INSERT INTO CARRITO VALUES ('C89',0,'1601198789626');
INSERT INTO CARRITO VALUES ('C90',0,'1601198920694');
INSERT INTO CARRITO VALUES ('C91',0,'1601199110603');
INSERT INTO CARRITO VALUES ('C92',0,'1701199317850');
INSERT INTO CARRITO VALUES ('C93',0,'1701199575230');
INSERT INTO CARRITO VALUES ('C94',0,'1701199775321');
INSERT INTO CARRITO VALUES ('C95',0,'1701199798745');
INSERT INTO CARRITO VALUES ('C96',0,'1801199832045');
INSERT INTO CARRITO VALUES ('C97',0,'1801199978961');
INSERT INTO CARRITO VALUES ('C98',0,'1804198901023');
INSERT INTO CARRITO VALUES ('C99',0,'1804200050356');
INSERT INTO CARRITO VALUES ('C100',0,'1811199997528');
INSERT INTO CARRITO VALUES ('C101',0,'1812198907528');
INSERT INTO CARRITO VALUES ('C102',0,'1811197807208');


CREATE TABLE ENVIO (
IdEnvio NVARCHAR2(10),
Direccion NVARCHAR2(100) NOT NULL,
Estado NVARCHAR2(15) NOT NULL,
MetodoPago NVARCHAR2(15) NOT NULL,
Monto FLOAT NOT NULL,
Fecha DATE NOT NULL,
IdCarrito NVARCHAR2(10) NOT NULL,
IdMotorista  VARCHAR2(13)NOT NULL,
PRIMARY KEY (IdEnvio),
CONSTRAINT CHK_Est CHECK (Estado IN ('En camino','Entregado')),
CONSTRAINT CHK_MetPag CHECK (MetodoPago IN ('PayPal','Targeta','Transferencia')),
CONSTRAINT CHK_Monto CHECK (Monto>0),
CONSTRAINT FK_EnvCar FOREIGN KEY (IdCarrito) REFERENCES CARRITO(IdCarrito),
CONSTRAINT FK_EnvMot FOREIGN KEY (IdMotorista) REFERENCES MOTORISTA(IdMotorista)
);
SELECT*FROM ENVIO;

--INSERT EN ENVIO
INSERT INTO ENVIO VALUES ('E1','Col. 15 de Septiembre, casa 14, La Ceiba, Atlantida','Entregado','PayPal',1142.23,'03/01/2021','C1','1206200106335');
INSERT INTO ENVIO VALUES ('E2','Mall Milenio, 3er piso, frente a Diunsa, Atlantida','Entregado','Targeta',817.64,'04/01/2021','C2','1207199026963');
INSERT INTO ENVIO VALUES ('E3','Col. Jose Castro, casa 11, La Ceiba, Atlantida','Entregado','PayPal',505.54,'05/01/2021','C8','1102200106335');
INSERT INTO ENVIO VALUES ('E4','Barberia David, Plaza Morazan, Tela Atlantida','Entregado','Targeta',663.41,'05/01/2021','C4','1102200106335');
INSERT INTO ENVIO VALUES ('E5','Col. Aguirre Sur, casa 27, La Libertad, Comayagua','Entregado','Transferencia',525.39,'06/01/2021','C13','1103199026963');
INSERT INTO ENVIO VALUES ('E6','Col. San Miguel, casa 110, Santa Rosa, Copan','Entregado','Targeta',1952.51,'07/01/2021','C18','1102199409962');
INSERT INTO ENVIO VALUES ('E7','Col. Guacamaya, casa 61, Pespire, Choluteca','Entregado','PayPal',659.42,'10/01/2021','C33','0827199026963');
INSERT INTO ENVIO VALUES ('E8','Col. 15 de Septiembre, casa 14, La Ceiba, La Ceiba, Atlantida','Entregado','PayPal',519.18,'10/01/2021','C1','1206200106335');
INSERT INTO ENVIO VALUES ('E9','Barberia David, Plaza Morazan, Tela Atlantida','Entregado','Targeta',567.49,'11/01/2021','C4','1102200106335');
INSERT INTO ENVIO VALUES ('E10','Col. Guacamaya, casa 61, Pespire, Choluteca','Entregado','PayPal',296.31,'12/01/2021','C33','0827199026963');
INSERT INTO ENVIO VALUES ('E11','Mall Milenio, 3er piso, frente a Diunsa, Atlantida','Entregado','Targeta',236.11,'13/01/2021','C2','1207199026963');
INSERT INTO ENVIO VALUES ('E12','Col. 15 de Septiembre, casa 14, La Ceiba, Atlantida','Entregado','Transferencia',396.50,'13/01/2021','C3','1204198832392');
INSERT INTO ENVIO VALUES ('E13','Parque municipal, frente a Espresso Americano, Moroceli, El Paraiso','Entregado','Transferencia',396.57,'17/01/2021','C35','0814199409962');
INSERT INTO ENVIO VALUES ('E14','Col. Aguirre Sur, casa 27, La Libertad, Comayagua','Entregado','Transferencia',296.44,'19/01/2021','C13','1103199026963');
INSERT INTO ENVIO VALUES ('E15','Col. 15 de Septiembre, casa 14, La Ceiba, La Ceiba, Atlantida','Entregado','PayPal',346.47,'20/01/2021','C1','1206200106335');
INSERT INTO ENVIO VALUES ('E16','Col. Guacamaya, casa 61, Pespire, Choluteca','Entregado','PayPal',496.31,'26/01/2021','C33','0821198128146');
INSERT INTO ENVIO VALUES ('E17','Col. San Miguel, casa 110, Santa Rosa, Copan','Entregado','Targeta',263.07,'02/02/2021','C18','1102199409962');
INSERT INTO ENVIO VALUES ('E18','Col. 15 de Septiembre, casa 14, La Ceiba, Atlantida','Entregado','Transferencia',379.28,'07/02/2021','C3','1204198832392');
INSERT INTO ENVIO VALUES ('E19','Res. Las Hadas, bloque 3, casa 30, Tegucigalpa, FM','Entregado','PayPal',263.07,'07/02/2021','C48','0817199500154');
INSERT INTO ENVIO VALUES ('E20','Col. 15 de Septiembre, casa 14, La Ceiba, La Ceiba, Atlantida','Entregado','PayPal',213.69,'09/02/2021','C1','1205199015725');
INSERT INTO ENVIO VALUES ('E21','Res. Las Hadas, bloque 3, casa 30, Tegucigalpa, FM','Entregado','PayPal',114.48,'10/02/2021','C48','0817199500154');
INSERT INTO ENVIO VALUES ('E22','Col. 15 de Septiembre, casa 14, La Ceiba, Atlantida','Entregado','Transferencia',323.16,'10/02/2021','C3','1204198832392');
INSERT INTO ENVIO VALUES ('E23','Barberia David, Plaza Morazan, Tela Atlantida','Entregado','Targeta',1206.79,'10/02/2021','C4','1102200106335');
INSERT INTO ENVIO VALUES ('E24','Mall Milenio, 3er piso, frente a Diunsa, La Ceiba, Atlantida','Entregado','Targeta',235.56,'10/02/2021','C2','1209198128146');
INSERT INTO ENVIO VALUES ('E25','Col. Aguirre Sur, casa 27, La Libertad, Comayagua','Entregado','Transferencia',266.38,'11/02/2021','C13','1101198128146');
INSERT INTO ENVIO VALUES ('E26','Col. San Miguel, casa 110, Santa Rosa, Copan','Entregado','Targeta',234.50,'13/02/2021','C18','1102199409962');
INSERT INTO ENVIO VALUES ('E27','Barberia David, Plaza Morazan, Tela Atlantida','Entregado','Targeta',268.15,'21/02/2021','C4','1102200106335');
INSERT INTO ENVIO VALUES ('E28','Col. Miramontes, casa 61, San Pedro Sula, Cortes','Entregado','Transferencia',328.15,'27/02/2021','C26','0813199015725');
INSERT INTO ENVIO VALUES ('E29','Mall Milenio, 3er piso, frente a Diunsa, La Ceiba, Atlantida','Entregado','Targeta',318.38,'27/02/2021','C2','1202199409962');
INSERT INTO ENVIO VALUES ('E30','Col. El Hato, casa 12, Tegucigalpa, FM','Entregado','Transferencia',258.44,'27/02/2021','C43','0816198511943');
INSERT INTO ENVIO VALUES ('E31','Col. 15 de Septiembre, casa 14, La Ceiba, Atlantida','Entregado','PayPal',398.44,'01/03/2021','C1','1205199015725');
INSERT INTO ENVIO VALUES ('E32','Col. Miramontes, casa 61, San Pedro Sula, Cortes','Entregado','Transferencia',327.18,'08/03/2021','C26','0813199015725');
INSERT INTO ENVIO VALUES ('E33','Col. El Hato, casa 12, Tegucigalpa, FM','Entregado','Transferencia',420.38,'27/02/2021','C43','0816198511943');
INSERT INTO ENVIO VALUES ('E34','Barberia David, Plaza Morazan, Tela Atlantida','Entregado','Targeta',358.26,'08/03/2021','C4','1102200106335');
INSERT INTO ENVIO VALUES ('E35','Res. Las Hadas, bloque 3, casa 30, Tegucigalpa, FM','Entregado','PayPal',399.50,'13/03/2021','C48','0817199500154');
INSERT INTO ENVIO VALUES ('E36','Col. El Pedregal, casa 21, Tegucigalpa, FM','Entregado','Transferencia',498.44,'14/03/2021','C49','0814200506335');
INSERT INTO ENVIO VALUES ('E37','Col. Aguirre Sur, casa 27, La Libertad, Comayagua','Entregado','Transferencia',322.12,'15/03/2021','C13','1101198128146');
INSERT INTO ENVIO VALUES ('E38','Col. Miramontes, casa 61, San Pedro Sula, Cortes','Entregado','Transferencia',317.25,'16/03/2021','C26','0813199015725');
INSERT INTO ENVIO VALUES ('E39','Col. El Pedregal, casa 28, Tegucigalpa, FM','Entregado','PayPal',579.90,'17/03/2021','C50','0827199826963');
INSERT INTO ENVIO VALUES ('E40','Mall Milenio, 3er piso, frente a Diunsa, La Ceiba, Atlantida','Entregado','Transferencia',579.90,'19/03/2021','C2','1212198511943');
INSERT INTO ENVIO VALUES ('E41','Res. Santa Elena, bloque 8 ,casa 63, San Pedro Sula, Cortes','Entregado','Transferencia',600.50,'28/03/2021','C25','0814200106335');
INSERT INTO ENVIO VALUES ('E42','Col. El Hato, casa 12, Tegucigalpa, FM','Entregado','Transferencia',549.39,'03/04/2021','C43','0816198511943');
INSERT INTO ENVIO VALUES ('E43','Col. El Pedregal, casa 28, Tegucigalpa, FM','Entregado','PayPal',340.51,'10/04/2021','C50','0827199826963');
INSERT INTO ENVIO VALUES ('E44','Col. El Pedregal, casa 21, Tegucigalpa, FM','Entregado','Transferencia',400.50,'15/04/2021','C49','0814200506335');
INSERT INTO ENVIO VALUES ('E45','Col. Miramontes, casa 61, San Pedro Sula, Cortes','Entregado','Transferencia',340.57,'21/04/2021','C26','0813199015725');
INSERT INTO ENVIO VALUES ('E46','Barberia David, Plaza Morazan, Tela Atlantida','Entregado','Targeta',440.38,'30/04/2021','C4','1102200106335');
INSERT INTO ENVIO VALUES ('E47','Mall Metromall, 2do piso, frente a EL TITAN','Entregado','Transferencia',500.45,'03/05/2021','C42','0821198128146');
INSERT INTO ENVIO VALUES ('E48','Col. El Pedregal, casa 21, Tegucigalpa, FM','Entregado','Transferencia',146.47,'04/05/2021','C49','0814200506335');
INSERT INTO ENVIO VALUES ('E49','Res. Las Hadas, bloque 3, casa 30, Tegucigalpa, FM','Entregado','PayPal',469.75,'16/05/2021','C48','0817199500154');
INSERT INTO ENVIO VALUES ('E50','Barberia David, Plaza Morazan, Tela Atlantida','Entregado','Targeta',420.86,'20/05/2021','C4','1102200106335');
INSERT INTO ENVIO VALUES ('E51','Col. Pedregalito, casa 22, La Union, Copán','Entregado','Targeta',532.38,'22/05/2021','C23','1511198791107');
INSERT INTO ENVIO VALUES ('E52','Col. Aguirre Sur, casa 27, La Libertad, Comayagua','Entregado','Transferencia',594.46,'27/05/2021','C11','1511191010868');
INSERT INTO ENVIO VALUES ('E53','Col. El Hato, casa 8, Tegucigalpa, FM','Entregado','Transferencia',450.91,'30/05/2021','C39','1511199252296');
INSERT INTO ENVIO VALUES ('E54','Res. Mirana, casa 4, Puerto Lempira, Gracias A Dios','Entregado','PayPal',518.31,'02/06/2021','C55','1511199131341');
INSERT INTO ENVIO VALUES ('E55','Res. Palmira, bloque 4, casa 11, La Esperanza, Intibuca','Entregado','Targeta',496.08,'18/08/2021','C66','1511198865557');
INSERT INTO ENVIO VALUES ('E56','Col. San Miguel Arcangel, casa 120, La Paz, La Paz','Entregado','Transferencia',424.23,'20/09/2021','C70','1523199959576');
INSERT INTO ENVIO VALUES ('E57','Col. Cecilio del Valle, casa 7, Puerto Lempira, Gracias A Dios','Entregado','PayPal',421.55,'20/10/2021','C57','1523198376867');
INSERT INTO ENVIO VALUES ('E58','Res. Molina, bloque 4, casa 40, Juticalpa, Olancho','Entregado','Targeta',476.19,'01/11/2021','C86','1523198515398');
INSERT INTO ENVIO VALUES ('E59','Col. San Miguel Arcangel, casa 120, La Paz, La Paz','Entregado','Transferencia',690.78,'20/11/2021','C70','1612197251692');
INSERT INTO ENVIO VALUES ('E60','Res. La Vida, bloque 7, casa 14, Tocoa, Colon','Entregado','PayPal',691.21,'20/12/2021','C9','1612198957081');
INSERT INTO ENVIO VALUES ('E61','Res. Palmira, bloque 4, casa 11, La Esperanza, Intibuca','Entregado','Transferencia',711.55,'04/01/2022','C66','1612197587320');
INSERT INTO ENVIO VALUES ('E62','Col. Aguirre Sur, casa 27, La Libertad, Comayagua','Entregado','Transferencia',591.37,'05/01/2022','C11','1612199332653');
INSERT INTO ENVIO VALUES ('E63','Col. San Miguel Arcangel, casa 120, La Paz, La Paz','Entregado','Targeta',659.27,'13/01/2022','C70','1612198296864');
INSERT INTO ENVIO VALUES ('E64','Res. Molina, bloque 4, casa 40, Juticalpa, Olancho','Entregado','Transferencia',212.70,'20/01/2022','C86','1612196871495');
INSERT INTO ENVIO VALUES ('E65','Col. San Miguel Arcangel, casa 120, La Paz, La Paz','Entregado','PayPal',255.35,'29/01/2022','C70','1704195231036');
INSERT INTO ENVIO VALUES ('E66','Col. San Miguel Arcangel, casa 40, La Paz, La Paz','Entregado','Transferencia',220.68,'31/01/2022','C74','1704197431637');
INSERT INTO ENVIO VALUES ('E67','Col. San Miguel Arcangel, casa 40, La Paz, La Paz','Entregado','PayPal',399.22,'02/02/2022','C74','1704199678908');
INSERT INTO ENVIO VALUES ('E68','Col. El Hato, casa 8, Tegucigalpa, FM','Entregado','Targeta',302.66,'05/02/2022','C39','1803196825009');
INSERT INTO ENVIO VALUES ('E69','Res. Molina, bloque 4, casa 40, Juticalpa, Olancho','Entregado','PayPal',222.36,'08/02/2022','C86','1803198338911');
INSERT INTO ENVIO VALUES ('E70','Col. 28 de Septiembre, casa 14, Puerto Lempira, Gracias A Dios','Entregado','PayPal',376.38,'12/02/2022','C53','1803198238002');
INSERT INTO ENVIO VALUES ('E71','Col. Aguirre Sur, casa 27, La Libertad, Comayagua','Entregado','Transferencia',350.28,'23/02/2022','C11','1803197123336');
INSERT INTO ENVIO VALUES ('E72','Res. Palmira, bloque 4, casa 11, La Esperanza, Intibuca','Entregado','PayPal',315.36,'25/02/2022','C66','1803198139974');
INSERT INTO ENVIO VALUES ('E73','Col. El Hato, casa 8, Tegucigalpa, FM','Entregado','Targeta',389.83,'28/02/2022','C39','1809198600505');
INSERT INTO ENVIO VALUES ('E74','Col. Pedregalito, casa 22, La Union, Copán','Entregado','Transferencia',324.12,'10/03/2022','C23','1809199981736');
INSERT INTO ENVIO VALUES ('E75','Res. Santa Elena, bloque 5, casa 50, San Pedro Sula, Cortes','Entregado','PayPal',365.15,'15/03/2022','C29','1809199097672');
INSERT INTO ENVIO VALUES ('E76','Res. Molina, bloque 4, casa 40, Juticalpa, Olancho','Entregado','Transferencia',356.15,'18/03/2022','C86','1310198809368');
INSERT INTO ENVIO VALUES ('E77','Col. San Miguel Arcangel, casa 120, La Paz, La Paz','Entregado','Targeta',345.50,'20/03/2022','C70','1310200087698');
INSERT INTO ENVIO VALUES ('E78','Col. 28 de Septiembre, casa 14, Puerto Lempira, Gracias A Dios','Entregado','PayPal',366.40,'05/04/2022','C53','0823199918304');
INSERT INTO ENVIO VALUES ('E79','Col. El Hato, casa 8, Tegucigalpa, FM','Entregado','Transferencia',246.38,'24/04/2022','C39','0823198662571');
INSERT INTO ENVIO VALUES ('E80','Col. Pedregalito, casa 22, La Union, Copán','Entregado','Transferencia',356.25,'28/04/2022','C23','0823198648812');
INSERT INTO ENVIO VALUES ('E81','Res. Molina, bloque 4, casa 40, Juticalpa, Olancho','Entregado','Transferencia',156.18,'30/04/2022','C86','0823199257531');
INSERT INTO ENVIO VALUES ('E82','Col. Miramontes, casa 5, San Pedro Sula, Cortes','Entregado','PayPal',266.50,'02/05/2022','C28','0824199510344');
INSERT INTO ENVIO VALUES ('E83','Res. Santa Elena, bloque 5, casa 50, San Pedro Sula, Cortes','Entregado','PayPal',356.55,'10/05/2022','C29','0701197947225');
INSERT INTO ENVIO VALUES ('E84','Col. San Miguel, casa 150, Santa Rosa, Copan','Entregado','PayPal',400.68,'13/05/2022','C19','0701198682436');
INSERT INTO ENVIO VALUES ('E85','Col. Pedregalito, casa 114, La Union, Copan','Entregado','Transferencia',368.15,'20/05/2022','C21','0701198685170');
INSERT INTO ENVIO VALUES ('E86','Res. Palmira, bloque 4, casa 11, La Esperanza, Intibuca','Entregado','PayPal',428.15,'30/05/2022','C66','0607198175836');
INSERT INTO ENVIO VALUES ('E87','Col. Pedregalito, casa 22, La Union, Copán','Entregado','Transferencia',368.15,'10/06/2022','C23','0607198857594');
INSERT INTO ENVIO VALUES ('E88','Res. Las Uva, bloque 2, casa 8, Yuscaran, El Paraiso','Entregado','PayPal',298.15,'13/06/2022','C38','0607199512725');
INSERT INTO ENVIO VALUES ('E89','Res. Las Hadas, bloque 1, casa 14, Tegucigalpa, FM','Entregado','Targeta',317.98,'15/06/2022','C40','0607198672431');
INSERT INTO ENVIO VALUES ('E90','Col. El Hato, casa 8, Tegucigalpa, FM','Entregado','PayPal',593.77,'20/06/2022','C39','0408199954342');
INSERT INTO ENVIO VALUES ('E91','Col. San Miguel, casa 150, Santa Rosa, Copan','En camino','PayPal',576.58,'24/07/2022','C19','0408198644312');
INSERT INTO ENVIO VALUES ('E92','Casa Municipal, Puerto Lempira, Gracias A Dios','En camino','Transferencia',449.21,'24/07/2022','C54','0408198586702');
INSERT INTO ENVIO VALUES ('E93','Col. 28 de Septiembre, casa 14, Puerto Lempira, Gracias A Dios','En camino','Transferencia',302.92,'24/07/2022','C53','0404199336403');
INSERT INTO ENVIO VALUES ('E94','Res. Santa Elena, bloque 5, casa 50, San Pedro Sula, Cortes','En camino','Transferencia',402.92,'24/07/2022','C29','0409199401304');
INSERT INTO ENVIO VALUES ('E95','Res. Santa Elena, bloque 1, casa 4, San Pedro Sula, Cortes','En camino','PayPal',402.92,'24/07/2022','C27','1201199284795');
INSERT INTO ENVIO VALUES ('E96','Col. Pedregalito, casa 22, La Union, Copán','En camino','PayPal',109.10,'25/07/2022','C23','1201199869906');
INSERT INTO ENVIO VALUES ('E97','Edificio Maya, 5to piso, Barberia Especial, Santa Rosa, Copan','En camino','PayPal',420.92,'25/07/2022','C20','1201198521437');
INSERT INTO ENVIO VALUES ('E98','Col. San Miguel, casa 150, Santa Rosa, Copan','En camino','Transferencia',100.92,'25/07/2022','C19','1201198600438');
INSERT INTO ENVIO VALUES ('E99','Col. Aguirre Sur, casa 27, La Libertad, Comayagua','En camino','Transferencia',1556.41,'27/07/2022','C11','1201198962039');
INSERT INTO ENVIO VALUES ('E100','Res. Miramar, casa 4, Tela, Atlantida','En camino','PayPal',1130.30,'28/07/2022','C5','1201198827920');


CREATE TABLE INVENTARIO (
IdRegistro NVARCHAR2(10),
IdMarca NVARCHAR2(10),
IdEncargado VARCHAR2(13)NOT NULL,
Cantidad INT NOT NULL,
Fecha DATE NOT NULL,
PRIMARY KEY (IdRegistro, IdMarca),
CONSTRAINT CHK_Cantidad CHECK (Cantidad>0),
CONSTRAINT FK_InvMar FOREIGN KEY (IdMarca) REFERENCES MARCA(IdMarca),
CONSTRAINT FK_InvEnc FOREIGN KEY (IdEncargado) REFERENCES ENCARGADO_INVENTARIO(IdEncargado)
);
SELECT*FROM INVENTARIO;

INSERT INTO INVENTARIO VALUES ('8457680549', 'M001', '0412199323077', 424, '10/02/2022');
INSERT INTO INVENTARIO VALUES ('4816632043', 'M009', '0412199323077', 732, '16/06/2022');
INSERT INTO INVENTARIO VALUES ('8235713145', 'M005', '0211199212589', 575, '09/05/2022');
INSERT INTO INVENTARIO VALUES ('4291620722', 'M041', '0211199212589', 579, '09/11/2021');
INSERT INTO INVENTARIO VALUES ('1073042059', 'M013', '0211199212589', 939, '28/05/2022');
INSERT INTO INVENTARIO VALUES ('4985587530', 'M002', '0804199177020', 836, '23/07/2021');
INSERT INTO INVENTARIO VALUES ('1062161358', 'M100', '0804199177020', 447, '19/06/2022');
INSERT INTO INVENTARIO VALUES ('0954775198', 'M097', '1302198620818', 674, '04/09/2021');
INSERT INTO INVENTARIO VALUES ('3043813349', 'M013', '1302198620818', 472, '29/06/2022');
INSERT INTO INVENTARIO VALUES ('4296246726', 'M003', '1302198620818', 732, '12/10/2021');
INSERT INTO INVENTARIO VALUES ('5575173540', 'M011', '1302198620818', 932, '13/03/2022');
INSERT INTO INVENTARIO VALUES ('0788258348', 'M031', '1106198918831', 103, '08/03/2022');
INSERT INTO INVENTARIO VALUES ('9180737662', 'M066', '1106198918831', 881, '03/12/2021');
INSERT INTO INVENTARIO VALUES ('0437628672', 'M011', '1106198918831', 457, '21/11/2021');
INSERT INTO INVENTARIO VALUES ('5481413908', 'M064', '1106198918831', 925, '21/12/2021');
INSERT INTO INVENTARIO VALUES ('1662303661', 'M001', '1106198918831', 160, '12/06/2022');
INSERT INTO INVENTARIO VALUES ('8355046786', 'M013', '1302198620818', 020, '07/04/2022');
INSERT INTO INVENTARIO VALUES ('0799012456', 'M088', '1302198620818', 620, '03/06/2022');
INSERT INTO INVENTARIO VALUES ('8801720139', 'M015', '0803200051061', 057, '31/03/2022');
INSERT INTO INVENTARIO VALUES ('7143309808', 'M065', '0803200051061', 185, '23/04/2022');
INSERT INTO INVENTARIO VALUES ('0927321260', 'M101', '0803200051061', 273, '16/09/2021');
INSERT INTO INVENTARIO VALUES ('8000779578', 'M053', '1509199031743', 582, '18/03/2022');
INSERT INTO INVENTARIO VALUES ('3840502930', 'M005', '1509199031743', 433, '04/02/2022');
INSERT INTO INVENTARIO VALUES ('7744255177', 'M001', '1509199031743', 619, '24/01/2022');
INSERT INTO INVENTARIO VALUES ('4600049632', 'M052', '1509199031743', 296, '04/12/2021');
INSERT INTO INVENTARIO VALUES ('9036190176', 'M018', '1509199031743', 476, '16/10/2021');
INSERT INTO INVENTARIO VALUES ('0171727170', 'M057', '1509199031743', 934, '09/06/2022');
INSERT INTO INVENTARIO VALUES ('1810440864', 'M007', '1509199031743', 114, '15/06/2022');
INSERT INTO INVENTARIO VALUES ('7173160129', 'M001', '1509199031743', 496, '02/10/2021');
INSERT INTO INVENTARIO VALUES ('6465313112', 'M085', '1509199031743', 961, '11/05/2022');
INSERT INTO INVENTARIO VALUES ('3803850720', 'M013', '1509199031743', 421, '10/05/2022');
INSERT INTO INVENTARIO VALUES ('2375599733', 'M009', '1509199031743', 140, '29/09/2021');
INSERT INTO INVENTARIO VALUES ('1659761731', 'M007', '1509199031743', 931, '21/06/2022');
INSERT INTO INVENTARIO VALUES ('5345893996', 'M007', '1509199031743', 718, '01/05/2022');
INSERT INTO INVENTARIO VALUES ('6615731827', 'M013', '1509199031743', 260, '08/07/2022');
INSERT INTO INVENTARIO VALUES ('4111663785', 'M007', '1509199031743', 574, '07/08/2021');
INSERT INTO INVENTARIO VALUES ('3420323211', 'M035', '0803200051061', 268, '10/11/2021');
INSERT INTO INVENTARIO VALUES ('8973942222', 'M003', '0803200051061', 826, '26/02/2022');
INSERT INTO INVENTARIO VALUES ('1125348181', 'M001', '0803200051061', 204, '23/03/2022');
INSERT INTO INVENTARIO VALUES ('0002783483', 'M058', '0803200051061', 930, '02/12/2021');
INSERT INTO INVENTARIO VALUES ('0078646864', 'M091', '0803200051061', 910, '05/06/2022');
INSERT INTO INVENTARIO VALUES ('0333671456', 'M011', '0804199177020', 664, '18/08/2021');
INSERT INTO INVENTARIO VALUES ('2744699572', 'M013', '0804199177020', 521, '26/11/2021');
INSERT INTO INVENTARIO VALUES ('6088358097', 'M011', '0804199177020', 387, '09/10/2021');
INSERT INTO INVENTARIO VALUES ('0751606614', 'M040', '0804199177020', 953, '09/06/2022');
INSERT INTO INVENTARIO VALUES ('2653353578', 'M015', '0804199177020', 416, '16/02/2022');
INSERT INTO INVENTARIO VALUES ('4344523081', 'M083', '0804199177020', 277, '20/02/2022');
INSERT INTO INVENTARIO VALUES ('0307551765', 'M063', '0211199212589', 689, '16/07/2021');
INSERT INTO INVENTARIO VALUES ('3183949800', 'M003', '0812198444277', 508, '24/06/2022');
INSERT INTO INVENTARIO VALUES ('3667544234', 'M010', '0812198444277', 411, '12/03/2022');
INSERT INTO INVENTARIO VALUES ('4808168420', 'M013', '1806199103758', 718, '21/04/2022');
INSERT INTO INVENTARIO VALUES ('3536107275', 'M001', '1806199103758', 695, '16/12/2021');
INSERT INTO INVENTARIO VALUES ('3940606631', 'M005', '1806199103758', 519, '13/06/2022');
INSERT INTO INVENTARIO VALUES ('6895329952', 'M015', '1806199103758', 950, '08/10/2021');
INSERT INTO INVENTARIO VALUES ('7775528129', 'M099', '1806199103758', 411, '27/03/2022');
INSERT INTO INVENTARIO VALUES ('5314350512', 'M007', '1806199103758', 220, '09/08/2022');
INSERT INTO INVENTARIO VALUES ('0223755271', 'M005', '1806199103758', 780, '01/11/2021');
INSERT INTO INVENTARIO VALUES ('7717448031', 'M086', '1806199103758', 493, '28/07/2022');
INSERT INTO INVENTARIO VALUES ('6494643245', 'M022', '1806199103758', 473, '09/01/2022');
INSERT INTO INVENTARIO VALUES ('4286844968', 'M037', '1806199103758', 484, '16/03/2021');
INSERT INTO INVENTARIO VALUES ('6084222261', 'M076', '1806199103758', 507, '09/11/2021');
INSERT INTO INVENTARIO VALUES ('0317462074', 'M009', '1806199103758', 700, '16/08/2021');
INSERT INTO INVENTARIO VALUES ('0036595951', 'M007', '1806199103758', 043, '04/03/2022');
INSERT INTO INVENTARIO VALUES ('0334753869', 'M089', '1806199103758', 983, '14/01/2022');
INSERT INTO INVENTARIO VALUES ('8957374228', 'M067', '1806199103758', 648, '04/11/2021');
INSERT INTO INVENTARIO VALUES ('8610456832', 'M004', '0812198444277', 026, '16/11/2021');
INSERT INTO INVENTARIO VALUES ('1389588322', 'M006', '0812198444277', 576, '13/10/2021');
INSERT INTO INVENTARIO VALUES ('4743720393', 'M019', '0812198444277', 877, '07/07/2022');
INSERT INTO INVENTARIO VALUES ('8038542086', 'M070', '0211199212589', 978, '05/10/2021');
INSERT INTO INVENTARIO VALUES ('6052879147', 'M009', '0211199212589', 860, '30/03/2022');
INSERT INTO INVENTARIO VALUES ('7913749458', 'M011', '0211199212589', 987, '23/04/2022');
INSERT INTO INVENTARIO VALUES ('2226769814', 'M027', '0211199212589', 843, '30/11/2021');
INSERT INTO INVENTARIO VALUES ('5544461933', 'M051', '0211199212589', 908, '24/12/2021');
INSERT INTO INVENTARIO VALUES ('9495920154', 'M015', '0211199212589', 581, '17/08/2021');
INSERT INTO INVENTARIO VALUES ('1990246260', 'M013', '0211199212589', 202, '25/06/2022');
INSERT INTO INVENTARIO VALUES ('2448236251', 'M009', '0211199212589', 104, '31/10/2021');
INSERT INTO INVENTARIO VALUES ('7661923382', 'M062', '0211199212589', 109, '23/06/2022');
INSERT INTO INVENTARIO VALUES ('6877371309', 'M003', '0211199212589', 937, '31/07/2022');
INSERT INTO INVENTARIO VALUES ('0056780939', 'M040', '0211199212589', 773, '04/11/2021');
INSERT INTO INVENTARIO VALUES ('3738035202', 'M013', '0211199212589', 565, '21/10/2021');
INSERT INTO INVENTARIO VALUES ('6215918284', 'M005', '0211199212589', 876, '15/09/2021');
INSERT INTO INVENTARIO VALUES ('6134867522', 'M011', '0211199212589', 957, '03/10/2021');
INSERT INTO INVENTARIO VALUES ('6144547638', 'M044', '0211199212589', 382, '05/03/2022');
INSERT INTO INVENTARIO VALUES ('8743776527', 'M009', '0211199212589', 587, '28/06/2022');
INSERT INTO INVENTARIO VALUES ('7741552820', 'M094', '0412199323077', 483, '30/03/2022');
INSERT INTO INVENTARIO VALUES ('2764345107', 'M015', '0412199323077', 600, '04/11/2021');
INSERT INTO INVENTARIO VALUES ('5937418162', 'M021', '0412199323077', 012, '09/06/2022');
INSERT INTO INVENTARIO VALUES ('8193097681', 'M084', '0412199323077', 508, '09/10/2021');
INSERT INTO INVENTARIO VALUES ('7398557430', 'M007', '0412199323077', 364, '19/11/2021');
INSERT INTO INVENTARIO VALUES ('4473179032', 'M009', '0412199323077', 646, '12/01/2022');
INSERT INTO INVENTARIO VALUES ('1120625177', 'M013', '0412199323077', 588, '28/12/2021');
INSERT INTO INVENTARIO VALUES ('9534198102', 'M026', '0412199323077', 519, '27/02/2022');
INSERT INTO INVENTARIO VALUES ('5542812112', 'M020', '0412199323077', 143, '07/12/2021');
INSERT INTO INVENTARIO VALUES ('8632923959', 'M013', '0412199323077', 279, '09/11/2021');
INSERT INTO INVENTARIO VALUES ('3697710882', 'M015', '0412199323077', 102, '06/11/2021');
INSERT INTO INVENTARIO VALUES ('7440698361', 'M007', '0412199323077', 562, '12/03/2022');
INSERT INTO INVENTARIO VALUES ('2627147308', 'M005', '0412199323077', 586, '23/10/2021');
INSERT INTO INVENTARIO VALUES ('6515416739', 'M015', '0412199323077', 427, '23/11/2021');
INSERT INTO INVENTARIO VALUES ('3672597711', 'M003', '0412199323077', 006, '17/09/2021');
INSERT INTO INVENTARIO VALUES ('8073114403', 'M092', '0412199323077', 550, '15/03/2022');




CREATE TABLE PRODUCTOS_CARRITO (
IdDetalle NVARCHAR2(10),
IdCarrito NVARCHAR2(10),
IdProducto NVARCHAR2(10)NOT NULL,
FechaAgregado DATE NOT NULL,
IdEnvio NVARCHAR2(10),
PRIMARY KEY (IdDetalle, IdCarrito),
CONSTRAINT FK_ProCarCar FOREIGN KEY (IdCarrito) REFERENCES CARRITO(IdCarrito),
CONSTRAINT FK_ProCarPro FOREIGN KEY (IdProducto) REFERENCES PRODUCTO(IdProducto),
CONSTRAINT FK_ProCarEnv FOREIGN KEY (IdEnvio) REFERENCES ENVIO(IdEnvio)
);
SELECT*FROM PRODUCTOS_CARRITO;

--INSERT EN PRODUCTOS_CARRITO
INSERT INTO PRODUCTOS_CARRITO VALUES ('L1','C1','2026708440','02/01/2021','E1');
INSERT INTO PRODUCTOS_CARRITO VALUES ('L2','C1','4042181910','02/01/2021','E1');
INSERT INTO PRODUCTOS_CARRITO VALUES ('L3','C2','1246372561','03/01/2021','E2');
INSERT INTO PRODUCTOS_CARRITO VALUES ('L4','C8','1205310108','04/01/2021','E3');
INSERT INTO PRODUCTOS_CARRITO VALUES ('L5','C4','7378977080','04/01/2021','E4');
INSERT INTO PRODUCTOS_CARRITO VALUES ('L5','C13','0301029149','05/01/2021','E5');
INSERT INTO PRODUCTOS_CARRITO VALUES ('L6','C18','3128926394','06/01/2021','E6');
INSERT INTO PRODUCTOS_CARRITO VALUES ('L7','C18','7464304279','06/01/2021','E6');
INSERT INTO PRODUCTOS_CARRITO VALUES ('L8','C18','0326543268','06/01/2021','E6');
INSERT INTO PRODUCTOS_CARRITO VALUES ('L9','C33','0963527913','09/01/2021','E7');
INSERT INTO PRODUCTOS_CARRITO VALUES ('L10','C1','3173037264','09/01/2021','E8');
INSERT INTO PRODUCTOS_CARRITO VALUES ('L11','C4','6523949652','10/01/2021','E9');
INSERT INTO PRODUCTOS_CARRITO VALUES ('L12','C33','2748144518','11/01/2021','E10');
INSERT INTO PRODUCTOS_CARRITO VALUES ('L13','C2','4353263894','12/01/2021','E11');
INSERT INTO PRODUCTOS_CARRITO VALUES ('L14','C3','5342602902','12/01/2021','E12');
INSERT INTO PRODUCTOS_CARRITO VALUES ('L15','C35','2323325789','16/01/2021','E13');
INSERT INTO PRODUCTOS_CARRITO VALUES ('L16','C13','1746390202','18/01/2021','E14');
INSERT INTO PRODUCTOS_CARRITO VALUES ('L17','C1','7431921578','19/01/2021','E15');
INSERT INTO PRODUCTOS_CARRITO VALUES ('L18','C33','3483826523','25/01/2021','E16');
INSERT INTO PRODUCTOS_CARRITO VALUES ('L19','C18','1124138951','01/02/2021','E17');
INSERT INTO PRODUCTOS_CARRITO VALUES ('L20','C3','4714576246','06/02/2021','E18');
INSERT INTO PRODUCTOS_CARRITO VALUES ('L21','C48','5974942826','06/02/2021','E19');
INSERT INTO PRODUCTOS_CARRITO VALUES ('L22','C1','3426517661','07/02/2021','E20');
INSERT INTO PRODUCTOS_CARRITO VALUES ('L23','C48','2971301903','09/02/2021','E21');
INSERT INTO PRODUCTOS_CARRITO VALUES ('L24','C3','5429172818','09/02/2021','E22');
INSERT INTO PRODUCTOS_CARRITO VALUES ('L25','C4','4092031659','09/02/2021','E23');
INSERT INTO PRODUCTOS_CARRITO VALUES ('L26','C4','0395088289','09/02/2021','E23');
INSERT INTO PRODUCTOS_CARRITO VALUES ('L27','C4','3450924561','09/02/2021','E23');
INSERT INTO PRODUCTOS_CARRITO VALUES ('L28','C4','3810208755','09/02/2021','E23');
INSERT INTO PRODUCTOS_CARRITO VALUES ('L29','C2','1936403508','09/02/2021','E24');
INSERT INTO PRODUCTOS_CARRITO VALUES ('L30','C13','5368023274','10/02/2021','E25');
INSERT INTO PRODUCTOS_CARRITO VALUES ('L31','C18','0354209327','12/02/2021','E26');
INSERT INTO PRODUCTOS_CARRITO VALUES ('L32','C4','3194629047','20/02/2021','E27');
INSERT INTO PRODUCTOS_CARRITO VALUES ('L33','C26','2209367189','26/02/2021','E28');
INSERT INTO PRODUCTOS_CARRITO VALUES ('L34','C2','5430280389','26/02/2021','E29');
INSERT INTO PRODUCTOS_CARRITO VALUES ('L35','C43','0653280753','26/02/2021','E30');
INSERT INTO PRODUCTOS_CARRITO VALUES ('L36','C1','1273253105','27/02/2021','E31');
INSERT INTO PRODUCTOS_CARRITO VALUES ('L37','C26','3125342792','07/03/2021','E32');
INSERT INTO PRODUCTOS_CARRITO VALUES ('L38','C43','2072436801','26/02/2021','E33');
INSERT INTO PRODUCTOS_CARRITO VALUES ('L39','C4','5343252739','07/03/2021','E34');
INSERT INTO PRODUCTOS_CARRITO VALUES ('L40','C48','2037454326','12/03/2021','E35');
INSERT INTO PRODUCTOS_CARRITO VALUES ('L41','C49','3064232567','12/03/2021','E36');
INSERT INTO PRODUCTOS_CARRITO VALUES ('L42','C13','2381542361','13/03/2021','E37');
INSERT INTO PRODUCTOS_CARRITO VALUES ('L43','C26','4735233387','15/03/2021','E38');
INSERT INTO PRODUCTOS_CARRITO VALUES ('L44','C50','2942023850','15/03/2021','E39');
INSERT INTO PRODUCTOS_CARRITO VALUES ('L45','C2','4092080797','18/03/2021','E40');
INSERT INTO PRODUCTOS_CARRITO VALUES ('L46','C25','2836532570','26/03/2021','E41');
INSERT INTO PRODUCTOS_CARRITO VALUES ('L47','C43','2592080797','01/04/2021','E42');
INSERT INTO PRODUCTOS_CARRITO VALUES ('L48','C43','0579015390','02/04/2021','E42');
INSERT INTO PRODUCTOS_CARRITO VALUES ('L49','C50','2763419293','10/04/2021','E43');
INSERT INTO PRODUCTOS_CARRITO VALUES ('L50','C49','8262336793','15/04/2021','E44');
INSERT INTO PRODUCTOS_CARRITO VALUES ('L51','C26','7532373920','21/04/2021','E45');
INSERT INTO PRODUCTOS_CARRITO VALUES ('L52','C4','9765443357','30/04/2021','E46');
INSERT INTO PRODUCTOS_CARRITO VALUES ('L53','C42','8645379716','03/05/2021','E47');
INSERT INTO PRODUCTOS_CARRITO VALUES ('L54','C49','7296808120','04/05/2021','E48');
INSERT INTO PRODUCTOS_CARRITO VALUES ('L55','C48','9359701706','16/05/2021','E49');
INSERT INTO PRODUCTOS_CARRITO VALUES ('L56','C4','8647531015','20/05/2021','E50');
INSERT INTO PRODUCTOS_CARRITO VALUES ('L57','C23','1242612381','21/05/2021','E51');
INSERT INTO PRODUCTOS_CARRITO VALUES ('L58','C11','5295118496','25/05/2021','E52');
INSERT INTO PRODUCTOS_CARRITO VALUES ('L59','C39','3970739027','29/05/2021','E53');
INSERT INTO PRODUCTOS_CARRITO VALUES ('L60','C55','5127923360','01/06/2021','E54');
INSERT INTO PRODUCTOS_CARRITO VALUES ('L61','C66','4004638544','16/08/2021','E55');
INSERT INTO PRODUCTOS_CARRITO VALUES ('L62','C70','2036561612','19/09/2021','E56');
INSERT INTO PRODUCTOS_CARRITO VALUES ('L63','C57','5471623721','19/10/2021','E57');
INSERT INTO PRODUCTOS_CARRITO VALUES ('L64','C86','0927914059','30/11/2021','E58');
INSERT INTO PRODUCTOS_CARRITO VALUES ('L65','C70','0257052803','19/11/2021','E59');
INSERT INTO PRODUCTOS_CARRITO VALUES ('L66','C9','2416707570','19/12/2021','E60');
INSERT INTO PRODUCTOS_CARRITO VALUES ('L67','C66','4369208753','03/01/2022','E61');
INSERT INTO PRODUCTOS_CARRITO VALUES ('L68','C11','5343279273','04/01/2022','E62');
INSERT INTO PRODUCTOS_CARRITO VALUES ('L69','C70','2865325783','12/01/2022','E63');
INSERT INTO PRODUCTOS_CARRITO VALUES ('L70','C86','6318158609','19/01/2022','E64');
INSERT INTO PRODUCTOS_CARRITO VALUES ('L71','C70','4724371292','28/01/2022','E65');
INSERT INTO PRODUCTOS_CARRITO VALUES ('L72','C74','4620647107','29/01/2022','E66');
INSERT INTO PRODUCTOS_CARRITO VALUES ('L73','C74','0250204314','01/02/2022','E67');
INSERT INTO PRODUCTOS_CARRITO VALUES ('L74','C39','3859815751','04/02/2022','E68');
INSERT INTO PRODUCTOS_CARRITO VALUES ('L75','C86','7354326800','07/02/2022','E69');
INSERT INTO PRODUCTOS_CARRITO VALUES ('L76','C53','9375235683','11/02/2022','E70');
INSERT INTO PRODUCTOS_CARRITO VALUES ('L77','C11','8634323589','22/02/2022','E71');
INSERT INTO PRODUCTOS_CARRITO VALUES ('L78','C66','1454540387','24/02/2022','E72');
INSERT INTO PRODUCTOS_CARRITO VALUES ('L79','C39','1811108609','27/02/2022','E73');
INSERT INTO PRODUCTOS_CARRITO VALUES ('L80','C23','5957518286','09/03/2022','E74');
INSERT INTO PRODUCTOS_CARRITO VALUES ('L81','C29','2344484542','14/03/2022','E75');
INSERT INTO PRODUCTOS_CARRITO VALUES ('L82','C86','0828402790','17/03/2022','E76');
INSERT INTO PRODUCTOS_CARRITO VALUES ('L83','C70','7542089753','19/03/2022','E77');
INSERT INTO PRODUCTOS_CARRITO VALUES ('L84','C53','5438025424','04/04/2022','E78');
INSERT INTO PRODUCTOS_CARRITO VALUES ('L85','C39','7343212939','23/04/2022','E79');
INSERT INTO PRODUCTOS_CARRITO VALUES ('L86','C23','6283624326','27/04/2022','E80');
INSERT INTO PRODUCTOS_CARRITO VALUES ('L87','C86','8243689203','19/04/2022','E81');
INSERT INTO PRODUCTOS_CARRITO VALUES ('L88','C28','7639532673','01/05/2022','E82');
INSERT INTO PRODUCTOS_CARRITO VALUES ('L89','C29','2830384524','09/05/2022','E83');
INSERT INTO PRODUCTOS_CARRITO VALUES ('L90','C19','0962360229','12/05/2022','E84');
INSERT INTO PRODUCTOS_CARRITO VALUES ('L91','C21','8528573238','19/05/2022','E85');
INSERT INTO PRODUCTOS_CARRITO VALUES ('L92','C66','0482630945','29/05/2022','E86');
INSERT INTO PRODUCTOS_CARRITO VALUES ('L93','C23','7652430917','09/06/2022','E87');
INSERT INTO PRODUCTOS_CARRITO VALUES ('L94','C38','6785301279','12/06/2022','E88');
INSERT INTO PRODUCTOS_CARRITO VALUES ('L95','C40','9015183852','14/06/2022','E89');
INSERT INTO PRODUCTOS_CARRITO VALUES ('L96','C39','5716437709','19/06/2022','E90');
INSERT INTO PRODUCTOS_CARRITO VALUES ('L97','C19','6424804997','23/07/2022','E91');
INSERT INTO PRODUCTOS_CARRITO VALUES ('L98','C54','1912193161','23/07/2022','E92');
INSERT INTO PRODUCTOS_CARRITO VALUES ('L99','C53','9667992475','23/07/2022','E93');
INSERT INTO PRODUCTOS_CARRITO VALUES ('L100','C29','1156980001','23/07/2022','E94');
INSERT INTO PRODUCTOS_CARRITO VALUES ('L101','C27','1256980001','23/07/2022','E95');
INSERT INTO PRODUCTOS_CARRITO VALUES ('L102','C23','1156080001','24/07/2022','E96');
INSERT INTO PRODUCTOS_CARRITO VALUES ('L103','C20','1256780001','24/07/2022','E97');
INSERT INTO PRODUCTOS_CARRITO VALUES ('L104','C19','1100780001','24/07/2022','E98');
INSERT INTO PRODUCTOS_CARRITO VALUES ('L105','C11','2356980001','24/07/2022','E99');
INSERT INTO PRODUCTOS_CARRITO VALUES ('L106','C11','2356980051','25/07/2022','E99');
INSERT INTO PRODUCTOS_CARRITO VALUES ('L107','C11','4756980001','26/07/2022','E99');
INSERT INTO PRODUCTOS_CARRITO VALUES ('L108','C5','1156080201','26/07/2022','E100');
INSERT INTO PRODUCTOS_CARRITO VALUES ('L109','C5','1156088601','27/07/2022','E100');
INSERT INTO PRODUCTOS_CARRITO VALUES ('L110','C5','6856080001','27/07/2022','E100');
INSERT INTO PRODUCTOS_CARRITO VALUES ('L111','C101','1246520201','28/07/2022',NULL);
INSERT INTO PRODUCTOS_CARRITO VALUES ('L112','C102','1356881601','28/07/2022',NULL);



CREATE TABLE PRODUCTO_PERTENECE (
IdProducto NVARCHAR2(10),
IdCategoria NVARCHAR2(10),
PRIMARY KEY (IdProducto, IdCategoria),
CONSTRAINT FK_ProPerPro FOREIGN KEY (IdProducto) REFERENCES PRODUCTO(IdProducto),
CONSTRAINT FK_ProPerCat FOREIGN KEY (IdCategoria) REFERENCES CATEGORIA(IdCategoria)
);
SELECT*FROM PRODUCTO_PERTENECE;

--INSERT EN PRODUCTO_PERTENECE
INSERT INTO PRODUCTO_PERTENECE VALUES ('2026708440','CA1');
INSERT INTO PRODUCTO_PERTENECE VALUES ('2026708440','CA4');
INSERT INTO PRODUCTO_PERTENECE VALUES ('2026708440','CA43');
INSERT INTO PRODUCTO_PERTENECE VALUES ('4042181910','CA1');
INSERT INTO PRODUCTO_PERTENECE VALUES ('4042181910','CA5');
INSERT INTO PRODUCTO_PERTENECE VALUES ('4042181910','CA9');
INSERT INTO PRODUCTO_PERTENECE VALUES ('1246372561','CA10');
INSERT INTO PRODUCTO_PERTENECE VALUES ('1246372561','CA41');
INSERT INTO PRODUCTO_PERTENECE VALUES ('1246372561','CA44');
INSERT INTO PRODUCTO_PERTENECE VALUES ('1205310108','CA38');
INSERT INTO PRODUCTO_PERTENECE VALUES ('1205310108','CA45');
INSERT INTO PRODUCTO_PERTENECE VALUES ('7378977080','CA45');
INSERT INTO PRODUCTO_PERTENECE VALUES ('7378977080','CA39');
INSERT INTO PRODUCTO_PERTENECE VALUES ('0301029149','CA46');
INSERT INTO PRODUCTO_PERTENECE VALUES ('3128926394','CA47');
INSERT INTO PRODUCTO_PERTENECE VALUES ('7464304279','CA48');
INSERT INTO PRODUCTO_PERTENECE VALUES ('0326543268','CA40');
INSERT INTO PRODUCTO_PERTENECE VALUES ('0963527913','CA42');
INSERT INTO PRODUCTO_PERTENECE VALUES ('3173037264','CA49');
INSERT INTO PRODUCTO_PERTENECE VALUES ('6523949652','CA49');
INSERT INTO PRODUCTO_PERTENECE VALUES ('2748144518','CA2');
INSERT INTO PRODUCTO_PERTENECE VALUES ('2748144518','CA10');
INSERT INTO PRODUCTO_PERTENECE VALUES ('2748144518','CA39');
INSERT INTO PRODUCTO_PERTENECE VALUES ('4353263894','CA3');
INSERT INTO PRODUCTO_PERTENECE VALUES ('4353263894','CA7');
INSERT INTO PRODUCTO_PERTENECE VALUES ('4353263894','CA44');
INSERT INTO PRODUCTO_PERTENECE VALUES ('5342602902','CA45');
INSERT INTO PRODUCTO_PERTENECE VALUES ('2323325789','CA2');
INSERT INTO PRODUCTO_PERTENECE VALUES ('1746390202','CA5');
INSERT INTO PRODUCTO_PERTENECE VALUES ('7431921578','CA11');
INSERT INTO PRODUCTO_PERTENECE VALUES ('7431921578','CA38');
INSERT INTO PRODUCTO_PERTENECE VALUES ('3483826523','CA43');
INSERT INTO PRODUCTO_PERTENECE VALUES ('1124138951','CA38');
INSERT INTO PRODUCTO_PERTENECE VALUES ('4714576246','CA39');
INSERT INTO PRODUCTO_PERTENECE VALUES ('5974942826','CA3');
INSERT INTO PRODUCTO_PERTENECE VALUES ('3426517661','CA9');
INSERT INTO PRODUCTO_PERTENECE VALUES ('2971301903','CA10');
INSERT INTO PRODUCTO_PERTENECE VALUES ('5429172818','CA12');
INSERT INTO PRODUCTO_PERTENECE VALUES ('4092031659','CA12');
INSERT INTO PRODUCTO_PERTENECE VALUES ('0395088289','CA12');
INSERT INTO PRODUCTO_PERTENECE VALUES ('3450924561','CA3');
INSERT INTO PRODUCTO_PERTENECE VALUES ('3810208755','CA5');
INSERT INTO PRODUCTO_PERTENECE VALUES ('1936403508','CA6');
INSERT INTO PRODUCTO_PERTENECE VALUES ('5368023274','CA7');
INSERT INTO PRODUCTO_PERTENECE VALUES ('0354209327','CA8');
INSERT INTO PRODUCTO_PERTENECE VALUES ('3194629047','CA1');
INSERT INTO PRODUCTO_PERTENECE VALUES ('2209367189','CA2');
INSERT INTO PRODUCTO_PERTENECE VALUES ('5430280389','CA3');
INSERT INTO PRODUCTO_PERTENECE VALUES ('0653280753','CA4');
INSERT INTO PRODUCTO_PERTENECE VALUES ('1273253105','CA38');
INSERT INTO PRODUCTO_PERTENECE VALUES ('3125342792','CA39');
INSERT INTO PRODUCTO_PERTENECE VALUES ('2072436801','CA40');
INSERT INTO PRODUCTO_PERTENECE VALUES ('5343252739','CA43');
INSERT INTO PRODUCTO_PERTENECE VALUES ('2037454326','CA13');
INSERT INTO PRODUCTO_PERTENECE VALUES ('3064232567','CA13');
INSERT INTO PRODUCTO_PERTENECE VALUES ('2381542361','CA13');
INSERT INTO PRODUCTO_PERTENECE VALUES ('4735233387','CA13');
INSERT INTO PRODUCTO_PERTENECE VALUES ('2942023850','CA19');
INSERT INTO PRODUCTO_PERTENECE VALUES ('4092080797','CA19');
INSERT INTO PRODUCTO_PERTENECE VALUES ('2836532570','CA19');
INSERT INTO PRODUCTO_PERTENECE VALUES ('2592080797','CA19');
INSERT INTO PRODUCTO_PERTENECE VALUES ('0579015390','CA21');
INSERT INTO PRODUCTO_PERTENECE VALUES ('2763419293','CA20');
INSERT INTO PRODUCTO_PERTENECE VALUES ('8262336793','CA21');
INSERT INTO PRODUCTO_PERTENECE VALUES ('7532373920','CA21');
INSERT INTO PRODUCTO_PERTENECE VALUES ('9765443357','CA21');
INSERT INTO PRODUCTO_PERTENECE VALUES ('8645379716','CA21');
INSERT INTO PRODUCTO_PERTENECE VALUES ('7296808120','CA25');
INSERT INTO PRODUCTO_PERTENECE VALUES ('9359701706','CA14');
INSERT INTO PRODUCTO_PERTENECE VALUES ('8647531015','CA14');
INSERT INTO PRODUCTO_PERTENECE VALUES ('1242612381','CA14');
INSERT INTO PRODUCTO_PERTENECE VALUES ('5295118496','CA14');
INSERT INTO PRODUCTO_PERTENECE VALUES ('3970739027','CA14');
INSERT INTO PRODUCTO_PERTENECE VALUES ('5127923360','CA14');
INSERT INTO PRODUCTO_PERTENECE VALUES ('4004638544','CA14');
INSERT INTO PRODUCTO_PERTENECE VALUES ('2036561612','CA14');
INSERT INTO PRODUCTO_PERTENECE VALUES ('5471623721','CA14');
INSERT INTO PRODUCTO_PERTENECE VALUES ('0927914059','CA14');
INSERT INTO PRODUCTO_PERTENECE VALUES ('0257052803','CA14');
INSERT INTO PRODUCTO_PERTENECE VALUES ('2416707570','CA1');
INSERT INTO PRODUCTO_PERTENECE VALUES ('4369208753','CA1');
INSERT INTO PRODUCTO_PERTENECE VALUES ('5343279273','CA1');
INSERT INTO PRODUCTO_PERTENECE VALUES ('2865325783','CA1');
INSERT INTO PRODUCTO_PERTENECE VALUES ('6318158609','CA8');
INSERT INTO PRODUCTO_PERTENECE VALUES ('4724371292','CA3');
INSERT INTO PRODUCTO_PERTENECE VALUES ('4620647107','CA9');
INSERT INTO PRODUCTO_PERTENECE VALUES ('0250204314','CA38');
INSERT INTO PRODUCTO_PERTENECE VALUES ('3859815751','CA39');
INSERT INTO PRODUCTO_PERTENECE VALUES ('7354326800','CA40');
INSERT INTO PRODUCTO_PERTENECE VALUES ('9375235683','CA44');
INSERT INTO PRODUCTO_PERTENECE VALUES ('8634323589','CA46');
INSERT INTO PRODUCTO_PERTENECE VALUES ('1454540387','CA15');
INSERT INTO PRODUCTO_PERTENECE VALUES ('1811108609','CA15');
INSERT INTO PRODUCTO_PERTENECE VALUES ('5957518286','CA15');
INSERT INTO PRODUCTO_PERTENECE VALUES ('2344484542','CA15');
INSERT INTO PRODUCTO_PERTENECE VALUES ('0828402790','CA17');
INSERT INTO PRODUCTO_PERTENECE VALUES ('7542089753','CA17');
INSERT INTO PRODUCTO_PERTENECE VALUES ('5438025424','CA17');
INSERT INTO PRODUCTO_PERTENECE VALUES ('7343212939','CA17');
INSERT INTO PRODUCTO_PERTENECE VALUES ('6283624326','CA17');
INSERT INTO PRODUCTO_PERTENECE VALUES ('8243689203','CA17');
INSERT INTO PRODUCTO_PERTENECE VALUES ('8243689203','CA8');
INSERT INTO PRODUCTO_PERTENECE VALUES ('7639532673','CA17');
INSERT INTO PRODUCTO_PERTENECE VALUES ('2830384524','CA17');
INSERT INTO PRODUCTO_PERTENECE VALUES ('0962360229','CA18');
INSERT INTO PRODUCTO_PERTENECE VALUES ('8528573238','CA18');
INSERT INTO PRODUCTO_PERTENECE VALUES ('8528573238','CA9');
INSERT INTO PRODUCTO_PERTENECE VALUES ('8528573238','CA42');
INSERT INTO PRODUCTO_PERTENECE VALUES ('0482630945','CA18');
INSERT INTO PRODUCTO_PERTENECE VALUES ('7652430917','CA4');
INSERT INTO PRODUCTO_PERTENECE VALUES ('6785301279','CA5');
INSERT INTO PRODUCTO_PERTENECE VALUES ('9015183852','CA6');
INSERT INTO PRODUCTO_PERTENECE VALUES ('5716437709','CA7');
INSERT INTO PRODUCTO_PERTENECE VALUES ('6424804997','CA7');
INSERT INTO PRODUCTO_PERTENECE VALUES ('1912193161','CA39');
INSERT INTO PRODUCTO_PERTENECE VALUES ('9667992475','CA38');
INSERT INTO PRODUCTO_PERTENECE VALUES ('1156980001','CA1');
INSERT INTO PRODUCTO_PERTENECE VALUES ('1156980001','CA55');
INSERT INTO PRODUCTO_PERTENECE VALUES ('1156980001','CA35');
INSERT INTO PRODUCTO_PERTENECE VALUES ('1156980001','CA10');
INSERT INTO PRODUCTO_PERTENECE VALUES ('1256980001','CA15');
INSERT INTO PRODUCTO_PERTENECE VALUES ('1256980001','CA28');
INSERT INTO PRODUCTO_PERTENECE VALUES ('1256980001','CA2');
INSERT INTO PRODUCTO_PERTENECE VALUES ('1156080001','CA26');
INSERT INTO PRODUCTO_PERTENECE VALUES ('1256780001','CA30');
INSERT INTO PRODUCTO_PERTENECE VALUES ('1100780001','CA24');
INSERT INTO PRODUCTO_PERTENECE VALUES ('2356980001','CA3');
INSERT INTO PRODUCTO_PERTENECE VALUES ('2356980001','CA31');
INSERT INTO PRODUCTO_PERTENECE VALUES ('2356980001','CA56');
INSERT INTO PRODUCTO_PERTENECE VALUES ('2356980001','CA8');
INSERT INTO PRODUCTO_PERTENECE VALUES ('2356980051','CA1');
INSERT INTO PRODUCTO_PERTENECE VALUES ('2356980051','CA37');
INSERT INTO PRODUCTO_PERTENECE VALUES ('2356980051','CA36');
INSERT INTO PRODUCTO_PERTENECE VALUES ('4756980001','CA33');
INSERT INTO PRODUCTO_PERTENECE VALUES ('4756980001','CA2');
INSERT INTO PRODUCTO_PERTENECE VALUES ('1156080201','CA27');
INSERT INTO PRODUCTO_PERTENECE VALUES ('1156088601','CA23');
INSERT INTO PRODUCTO_PERTENECE VALUES ('1156088601','CA29');
INSERT INTO PRODUCTO_PERTENECE VALUES ('1156088601','CA40');
INSERT INTO PRODUCTO_PERTENECE VALUES ('6856080001','CA23');
INSERT INTO PRODUCTO_PERTENECE VALUES ('6856080001','CA6');
INSERT INTO PRODUCTO_PERTENECE VALUES ('6856080001','CA39');
INSERT INTO PRODUCTO_PERTENECE VALUES ('6856080001','CA42');
INSERT INTO PRODUCTO_PERTENECE VALUES ('1246520201','CA1');
INSERT INTO PRODUCTO_PERTENECE VALUES ('1246520201','CA37');
INSERT INTO PRODUCTO_PERTENECE VALUES ('1246520201','CA56');
INSERT INTO PRODUCTO_PERTENECE VALUES ('1356881601','CA3');
INSERT INTO PRODUCTO_PERTENECE VALUES ('1356881601','CA10');
INSERT INTO PRODUCTO_PERTENECE VALUES ('6856080241','CA2');
INSERT INTO PRODUCTO_PERTENECE VALUES ('6856080241','CA15');



CREATE TABLE ADMINISTRACION (
IdAdmin VARCHAR2(13),
IdMarca NVARCHAR2(10),
IdProducto NVARCHAR2(10),
PRIMARY KEY (IdAdmin,IdMarca,IdProducto),
CONSTRAINT FK_AdmAdm FOREIGN KEY (IdAdmin) REFERENCES ADMINISTRADOR(IdAdministrador),
CONSTRAINT FK_AdmMar FOREIGN KEY (IdMarca) REFERENCES MARCA(IdMarca),
CONSTRAINT FK_AdmPro FOREIGN KEY (IdProducto) REFERENCES PRODUCTO(IdProducto)
);
SELECT*FROM ADMINISTRACION;

INSERT INTO ADMINISTRACION VALUES ('0101199512568', 'M005', '2026708440');
INSERT INTO ADMINISTRACION VALUES ('0101199512568', 'M020', '4042181910');
INSERT INTO ADMINISTRACION VALUES ('0101199512568', 'M006', '1246372561');
INSERT INTO ADMINISTRACION VALUES ('0101199512568', 'M005', '1205310108');
INSERT INTO ADMINISTRACION VALUES ('0101199512568', 'M012', '7378977080');
INSERT INTO ADMINISTRACION VALUES ('0101199512568', 'M015', '0301029149');
INSERT INTO ADMINISTRACION VALUES ('0501198978536', 'M018', '3128926394');
INSERT INTO ADMINISTRACION VALUES ('0816198852147', 'M005', '7464304279');
INSERT INTO ADMINISTRACION VALUES ('0501198978536', 'M096', '0326543268');
INSERT INTO ADMINISTRACION VALUES ('1301199410230', 'M081', '0963527913');
INSERT INTO ADMINISTRACION VALUES ('1001199878951', 'M074', '3173037264');
INSERT INTO ADMINISTRACION VALUES ('0801199012663', 'M004', '6523949652');
INSERT INTO ADMINISTRACION VALUES ('0801199012663', 'M015', '2748144518');
INSERT INTO ADMINISTRACION VALUES ('0101199512568', 'M097', '4353263894');
INSERT INTO ADMINISTRACION VALUES ('0501198978536', 'M068', '5342602902');
INSERT INTO ADMINISTRACION VALUES ('1001198878945', 'M092', '2323325789');
INSERT INTO ADMINISTRACION VALUES ('1803199978103', 'M076', '1746390202');
INSERT INTO ADMINISTRACION VALUES ('0816198852147', 'M059', '7431921578');
INSERT INTO ADMINISTRACION VALUES ('1301199410230', 'M063', '3483826523');
INSERT INTO ADMINISTRACION VALUES ('1001199878951', 'M019', '1124138951');
INSERT INTO ADMINISTRACION VALUES ('1301199410230', 'M016', '4714576246');
INSERT INTO ADMINISTRACION VALUES ('1001199878951', 'M005', '5974942826');
INSERT INTO ADMINISTRACION VALUES ('1001199878951', 'M001', '3426517661');
INSERT INTO ADMINISTRACION VALUES ('0801199012663', 'M002', '2971301903');
INSERT INTO ADMINISTRACION VALUES ('0801199012663', 'M003', '5429172818');
INSERT INTO ADMINISTRACION VALUES ('1101199078946', 'M004', '4092031659');
INSERT INTO ADMINISTRACION VALUES ('0101199512568', 'M001', '0395088289');
INSERT INTO ADMINISTRACION VALUES ('1001198878945', 'M001', '3450924561');
INSERT INTO ADMINISTRACION VALUES ('0816198852147', 'M003', '3810208755');
INSERT INTO ADMINISTRACION VALUES ('0816198852147', 'M007', '1936403508');
INSERT INTO ADMINISTRACION VALUES ('1301199410230', 'M004', '5368023274');
INSERT INTO ADMINISTRACION VALUES ('0708199612580', 'M010', '0354209327');
INSERT INTO ADMINISTRACION VALUES ('0708199612580', 'M001', '3194629047');
INSERT INTO ADMINISTRACION VALUES ('1001199878951', 'M018', '2209367189');
INSERT INTO ADMINISTRACION VALUES ('0816198852147', 'M015', '0653280753');
INSERT INTO ADMINISTRACION VALUES ('0816198852147', 'M017', '1273253105');
INSERT INTO ADMINISTRACION VALUES ('0816198852147', 'M037', '3125342792');
INSERT INTO ADMINISTRACION VALUES ('0816198852147', 'M066', '2072436801');
INSERT INTO ADMINISTRACION VALUES ('1001198878945', 'M027', '5343252739');
INSERT INTO ADMINISTRACION VALUES ('0816198852147', 'M007', '2037454326');
INSERT INTO ADMINISTRACION VALUES ('1415199412503', 'M008', '3064232567');
INSERT INTO ADMINISTRACION VALUES ('1301199410230', 'M049', '2381542361');
INSERT INTO ADMINISTRACION VALUES ('0801200022468', 'M078', '4735233387');
INSERT INTO ADMINISTRACION VALUES ('0708199612580', 'M013', '2942023850');
INSERT INTO ADMINISTRACION VALUES ('0708199612580', 'M019', '4092080797');
INSERT INTO ADMINISTRACION VALUES ('0708199612580', 'M099', '2836532570');
INSERT INTO ADMINISTRACION VALUES ('0708199612580', 'M087', '2592080797');
INSERT INTO ADMINISTRACION VALUES ('1001199878951', 'M001', '0579015390');
INSERT INTO ADMINISTRACION VALUES ('1415199412503', 'M087', '2763419293');
INSERT INTO ADMINISTRACION VALUES ('1001199878951', 'M069', '8262336793');
INSERT INTO ADMINISTRACION VALUES ('0801199012663', 'M076', '7532373920');
INSERT INTO ADMINISTRACION VALUES ('0101199512568', 'M080', '9765443357');
INSERT INTO ADMINISTRACION VALUES ('0101199512568', 'M093', '8645379716');
INSERT INTO ADMINISTRACION VALUES ('0101199512568', 'M022', '7296808120');
INSERT INTO ADMINISTRACION VALUES ('1415199412503', 'M037', '9359701706');
INSERT INTO ADMINISTRACION VALUES ('1301199410230', 'M033', '8647531015');
INSERT INTO ADMINISTRACION VALUES ('0801200022468', 'M031', '1242612381');
INSERT INTO ADMINISTRACION VALUES ('0708199612580', 'M008', '5295118496');
INSERT INTO ADMINISTRACION VALUES ('1001199878951', 'M008', '3970739027');
INSERT INTO ADMINISTRACION VALUES ('1001199878951', 'M021', '5127923360');
INSERT INTO ADMINISTRACION VALUES ('0801199012663', 'M035', '4004638544');
INSERT INTO ADMINISTRACION VALUES ('1803199978103', 'M035', '2036561612');
INSERT INTO ADMINISTRACION VALUES ('1101199078946', 'M038', '5471623721');
INSERT INTO ADMINISTRACION VALUES ('1101199078946', 'M025', '0927914059');
INSERT INTO ADMINISTRACION VALUES ('1101199078946', 'M006', '0257052803');
INSERT INTO ADMINISTRACION VALUES ('0816198852147', 'M007', '2416707570');
INSERT INTO ADMINISTRACION VALUES ('0801200022468', 'M081', '4369208753');
INSERT INTO ADMINISTRACION VALUES ('0801199012663', 'M059', '5343279273');
INSERT INTO ADMINISTRACION VALUES ('0801199012663', 'M060', '2865325783');
INSERT INTO ADMINISTRACION VALUES ('1101199078946', 'M020', '6318158609');
INSERT INTO ADMINISTRACION VALUES ('1101199078946', 'M085', '4724371292');
INSERT INTO ADMINISTRACION VALUES ('0607198900057', 'M015', '4620647107');
INSERT INTO ADMINISTRACION VALUES ('0816198852147', 'M001', '0250204314');
INSERT INTO ADMINISTRACION VALUES ('0816198852147', 'M088', '3859815751');
INSERT INTO ADMINISTRACION VALUES ('1301199410230', 'M074', '7354326800');
INSERT INTO ADMINISTRACION VALUES ('0801200022468', 'M096', '9375235683');
INSERT INTO ADMINISTRACION VALUES ('0708199612580', 'M076', '8634323589');
INSERT INTO ADMINISTRACION VALUES ('0101199512568', 'M010', '1454540387');
INSERT INTO ADMINISTRACION VALUES ('0607198900057', 'M001', '1811108609');
INSERT INTO ADMINISTRACION VALUES ('1803199978103', 'M009', '5957518286');
INSERT INTO ADMINISTRACION VALUES ('0816198852147', 'M001', '2344484542');
INSERT INTO ADMINISTRACION VALUES ('1301199410230', 'M033', '0828402790');
INSERT INTO ADMINISTRACION VALUES ('0801200022468', 'M020', '7542089753');
INSERT INTO ADMINISTRACION VALUES ('0101199512568', 'M029', '5438025424');
INSERT INTO ADMINISTRACION VALUES ('0816198852147', 'M010', '7343212939');
INSERT INTO ADMINISTRACION VALUES ('0816198852147', 'M040', '6283624326');
INSERT INTO ADMINISTRACION VALUES ('0801200022468', 'M020', '8243689203');
INSERT INTO ADMINISTRACION VALUES ('1101199078946', 'M040', '7639532673');
INSERT INTO ADMINISTRACION VALUES ('1101199078946', 'M018', '2830384524');
INSERT INTO ADMINISTRACION VALUES ('0101199512568', 'M031', '0962360229');
INSERT INTO ADMINISTRACION VALUES ('1803199978103', 'M001', '8528573238');
INSERT INTO ADMINISTRACION VALUES ('1301199410230', 'M012', '0482630945');
INSERT INTO ADMINISTRACION VALUES ('1301199410230', 'M004', '7652430917');
INSERT INTO ADMINISTRACION VALUES ('1301199410230', 'M005', '6785301279');
INSERT INTO ADMINISTRACION VALUES ('0801200022468', 'M005', '9015183852');
INSERT INTO ADMINISTRACION VALUES ('0801200022468', 'M004', '5716437709');
INSERT INTO ADMINISTRACION VALUES ('0708199612580', 'M005', '6424804997');
INSERT INTO ADMINISTRACION VALUES ('0708199612580', 'M006', '1912193161');
INSERT INTO ADMINISTRACION VALUES ('0801199012663', 'M002', '9667992475');
INSERT INTO ADMINISTRACION VALUES ('1101199078946', 'M101', '1156980001');
INSERT INTO ADMINISTRACION VALUES ('0501199278450', 'M099', '1256980001');
INSERT INTO ADMINISTRACION VALUES ('1001199878951', 'M098', '1156080001');
INSERT INTO ADMINISTRACION VALUES ('1001199878951', 'M097', '1256780001');
INSERT INTO ADMINISTRACION VALUES ('1001199878951', 'M096', '1100780001');
INSERT INTO ADMINISTRACION VALUES ('1213199202301', 'M095', '2356980001');
INSERT INTO ADMINISTRACION VALUES ('1213199202301', 'M094', '2356980051');
INSERT INTO ADMINISTRACION VALUES ('1213199202301', 'M093', '4756980001');
INSERT INTO ADMINISTRACION VALUES ('1213199202301', 'M098', '1156080201');
INSERT INTO ADMINISTRACION VALUES ('0407199747856', 'M096', '1156088601');
INSERT INTO ADMINISTRACION VALUES ('0407199747856', 'M095', '6856080241');
INSERT INTO ADMINISTRACION VALUES ('0607198900057', 'M078', '1246520201');
INSERT INTO ADMINISTRACION VALUES ('0607198900057', 'M096', '1356881601');
INSERT INTO ADMINISTRACION VALUES ('0607198900057', 'M095', '6856080241');
INSERT INTO ADMINISTRACION VALUES ('0607198900057', 'M012', '5430280389');


--------------------------------------------------------------------------------------
----------------------------------CONSULTAS-------------------------------------------

--a. Realizar una consulta que haga uso del operador LIKE 
--Información de los clientes que viven actualmente en San Pedro Sula

SELECT * FROM CLIENTE 
WHERE Direccion LIKE '%San Pedro Sula%';


--b. Hacer uso de subconsultas para obtener información de dos o más tablas.
--Envios del presente año, con su monto, nombre y apellido de los clientes propietarios.

SELECT EN.IdEnvio, CLI.Nombre, CLI.Apellido, EN.Monto, EN.Fecha
FROM ENVIO EN
INNER JOIN PRODUCTOS_CARRITO PC ON PC.IdEnvio=EN.IdEnvio
INNER JOIN CARRITO CA ON CA.IdCarrito=PC.IdCarrito
INNER JOIN CLIENTE CLI ON CLI.IdCliente=CA.IdCliente
WHERE  EN.Fecha BETWEEN '01-01-2022' AND '31-07-2022'
GROUP BY EN.IdEnvio, CLI.Nombre, CLI.Apellido, EN.Monto, EN.Fecha
ORDER BY EN.Fecha;


--c. Una consulta que haga uso del INNER JOIN.
--Productos que ha comprado Manuel Vargas con IdCliente=0410199036059

SELECT PC.IdProducto, PR.Nombre, PR.Precio
FROM CLIENTE CLI 
INNER JOIN CARRITO CA ON CA.IdCliente=CLI.IdCliente
INNER JOIN PRODUCTOS_CARRITO PC ON PC.IdCarrito=CA.IdCarrito
INNER JOIN PRODUCTO PR ON PR.IdProducto=PC.IdProducto
WHERE CLI.IdCliente='0410199036059';


--d. Una consulta que haga uso del LEFT JOIN.
--Mostrrar todas las marcas y si hay un inventario regitrado de ellas, mostrar las fechas en que se hicieron y el id del encargado que estuvo a cargo

SELECT m.Nombre, i.fecha, i.IdEncargado
FROM MARCA m
LEFT JOIN INVENTARIO i 
ON m.IdMarca = i.IdMarca
ORDER BY m.Nombre;



--e. Una consulta que haga uso del RIGHT JOIN
-- Mostrar el id y nombre de las empresas registradas, y hay productos de esa empresa registrados mostrarlos.

SELECT m.IdMarca, m.Nombre, p.Nombre
FROM PRODUCTO p
RIGHT JOIN MARCA m
ON m.IdMarca = p.IdMarca
ORDER BY m.IdMarca;


--f. Una consulta que haga uso del GROUP BY y el HAVING
-- Mostrar los Tipos de transporte que tienen acumulados entre ellos más de 10 envios

SELECT m.TipoTransporte, count (e.IdEnvio) Total_envios 
FROM Motorista m
INNER JOIN Envio e 
ON m.IdMotorista = e.IdMotorista
GROUP BY m.TipoTransporte 
HAVING count (e.IdEnvio) > 10;


--g. Realizar una consulta que haga uso del operador BETWEEN
--Mostrar la suma de ventas que hubo la primer mitad del año 2021
SELECT  SUM(MONTO) Monto
FROM ENVIO
WHERE Fecha BETWEEN '01-01-2021' AND  '30-06-2021';


--h. Realizar una consulta que haga uso del operador IN
--Mostrar los productos pertenecientes a las marcas de id 'M001','M002','M003' o 'M004'

SELECT * FROM PRODUCTO 
WHERE IdMarca IN ('M001','M002','M003','M004');


--i. Realizar una consulta que haga uso de la función de agregación SUM junto a GROUP BY 
--Mostrar la cantidad de dinero recibido en total por cada tipo de método de pago.

SELECT MetodoPago, SUM(MONTO) Monto
FROM ENVIO
GROUP BY MetodoPago;




--j. Realizar una consulta que haga uso de la sentencia CASE
--Mostrar todos los productos, su precio y a que descripción que pueden recibir segun éste.

SELECT NOMBRE, PRECIO,
		CASE 
 			WHEN PRECIO<150
 			THEN 'BARATO'
			WHEN  PRECIO>=150 AND PRECIO<300
 			THEN 'MEDIO'
 			WHEN  PRECIO>=300
 			THEN 'CARO'
 			ELSE 'DESCONOCIDO'
 			END Descripcion
FROM PRODUCTO;

