--CREACIÓN DE LA BASE DE DATOS CLOTHING SHOP
--Esto se ejecutó en la hoja de trabajo de SYSTEM
ALTER SESSION SET "_ORACLE_SCRIPT"= TRUE;
CREATE USER BD1_U3_PROYECTO_G3 IDENTIFIED BY equipo3; --Usuario y contraseña

--PRIVILEGIOS DE USUARIO
GRANT DBA TO BD1_U3_PROYECTO_G3;--Se le otorgan todos los privilegios
CREATE TABLE CATEGORIA(
IdCategoria NVARCHAR2(10),
Nombre      NVARCHAR2(20) NOT NULL,
PRIMARY KEY(IdCategoria)
);
SELECT * FROM CATEGORIA;

--INSERT DE CATEGORIA
INSERT INTO CATEGORIA VALUES ('CA1','Dama');
INSERT INTO CATEGORIA VALUES ('CA2','Caballero');
INSERT INTO CATEGORIA VALUES ('CA3','Unisex');
INSERT INTO CATEGORIA VALUES ('CA4','Coleccion_Invierno');
INSERT INTO CATEGORIA VALUES ('CA5','Coleccion_Primavera');
INSERT INTO CATEGORIA VALUES ('CA6','Coleccion_Verano');
INSERT INTO CATEGORIA VALUES ('CA7','Coleccion_Otonio');
INSERT INTO CATEGORIA VALUES ('CA8','Deportiva');
INSERT INTO CATEGORIA VALUES ('CA9','Casual');
INSERT INTO CATEGORIA VALUES ('CA10','Elegante');
INSERT INTO CATEGORIA VALUES ('CA11','Camisa');
INSERT INTO CATEGORIA VALUES ('CA12','Camiseta');
INSERT INTO CATEGORIA VALUES ('CA13','Blusa');
INSERT INTO CATEGORIA VALUES ('CA14','Pantalon');
INSERT INTO CATEGORIA VALUES ('CA15','Saco');
INSERT INTO CATEGORIA VALUES ('CA16','Vestido');
INSERT INTO CATEGORIA VALUES ('CA17','Short');
INSERT INTO CATEGORIA VALUES ('CA18','Falda');
INSERT INTO CATEGORIA VALUES ('CA19','Chaqueta');
INSERT INTO CATEGORIA VALUES ('CA20','Sueter');
INSERT INTO CATEGORIA VALUES ('CA21','Sudadera');
INSERT INTO CATEGORIA VALUES ('CA22','Crop_top');
INSERT INTO CATEGORIA VALUES ('CA23','Mono');
INSERT INTO CATEGORIA VALUES ('CA24','Traje_Banio');
INSERT INTO CATEGORIA VALUES ('CA25','Ropa_Interior');
INSERT INTO CATEGORIA VALUES ('CA26','Cartera');
INSERT INTO CATEGORIA VALUES ('CA27','Monedero');
INSERT INTO CATEGORIA VALUES ('CA28','Corbata');
INSERT INTO CATEGORIA VALUES ('CA29','Cinturon');
INSERT INTO CATEGORIA VALUES ('CA30','Gorra');
INSERT INTO CATEGORIA VALUES ('CA31','Tenis');
INSERT INTO CATEGORIA VALUES ('CA32','Zapato');
INSERT INTO CATEGORIA VALUES ('CA33','Zapatilla');
INSERT INTO CATEGORIA VALUES ('CA34','Sandalia');
INSERT INTO CATEGORIA VALUES ('CA35','Tacon');
INSERT INTO CATEGORIA VALUES ('CA36','Plataforma');
INSERT INTO CATEGORIA VALUES ('CA37','Botines');
INSERT INTO CATEGORIA VALUES ('CA38','Colores_frios');
INSERT INTO CATEGORIA VALUES ('CA39','Colores_calidos');
INSERT INTO CATEGORIA VALUES ('CA40','Colores_pastel');
INSERT INTO CATEGORIA VALUES ('CA41','Largo');
INSERT INTO CATEGORIA VALUES ('CA42','Corto');
INSERT INTO CATEGORIA VALUES ('CA43','Talla XXS');
INSERT INTO CATEGORIA VALUES ('CA44','Talla XS');
INSERT INTO CATEGORIA VALUES ('CA45','Talla S');
INSERT INTO CATEGORIA VALUES ('CA46','Talla M');
INSERT INTO CATEGORIA VALUES ('CA47','Talla L');
INSERT INTO CATEGORIA VALUES ('CA48','Talla XL');
INSERT INTO CATEGORIA VALUES ('CA49','Talla XXL');
INSERT INTO CATEGORIA VALUES ('CA50','Talla EG');
INSERT INTO CATEGORIA VALUES ('CA51','Talla 33');
INSERT INTO CATEGORIA VALUES ('CA52','Talla 34');
INSERT INTO CATEGORIA VALUES ('CA53','Talla 35');
INSERT INTO CATEGORIA VALUES ('CA54','Talla 36');
INSERT INTO CATEGORIA VALUES ('CA55','Talla 37');
INSERT INTO CATEGORIA VALUES ('CA56','Talla 38');
INSERT INTO CATEGORIA VALUES ('CA57','Talla 39');
INSERT INTO CATEGORIA VALUES ('CA58','Talla 40');
INSERT INTO CATEGORIA VALUES ('CA59','Talla 41');
INSERT INTO CATEGORIA VALUES ('CA60','Talla 42');



CREATE TABLE MARCA(
IdMarca     NVARCHAR2(10),
Nombre      NVARCHAR2(20) NOT NULL,
Fecha       DATE NOT NULL,
Email       NVARCHAR2(30) UNIQUE,
PRIMARY KEY(IdMarca)
);
SELECT*FROM MARCA;
-- INSERT A MARCA
INSERT INTO MARCA  VALUES ('M001', 'Nike', '15/04/2022', 'Nike@gmail.com');
INSERT INTO MARCA VALUES ('M002', 'Adidas', '01/11/2021', 'adidas@nps.com');
INSERT INTO MARCA VALUES ('M003', 'Gucci', '28/09/2021', 'gucci@dolcegabbana.it');
INSERT INTO MARCA VALUES ('M004', 'Puma', '09/02/2022', 'puma@gmail.com');
INSERT INTO MARCA VALUES ('M005', 'Browsedrive', '18/01/2020', 'browsedrive@homestead.com');
INSERT INTO MARCA VALUES ('M006', 'Meejo', '02/11/2020', 'meejo@nhs.uk');
INSERT INTO MARCA VALUES ('M007', 'Jabberbean', '24/01/2021', 'jabberbean@slashdot.org');
INSERT INTO MARCA VALUES ('M008', 'Oozz', '06/07/2022', 'oozz@ovh.net');
INSERT INTO MARCA VALUES ('M009', 'Twinte', '21/02/2022', 'twinte@sun.com');
INSERT INTO MARCA VALUES ('M010', 'Twitterwire', '16/09/2021', 'twitterwire@elpais.com');
INSERT INTO MARCA VALUES ('M011', 'Kwilith', '10/05/2021', 'kwilith@wiley.com');
INSERT INTO MARCA VALUES ('M012', 'Flashspan', '11/11/2020', 'flashspan@ftc.gov');
INSERT INTO MARCA VALUES ('M013', 'Oozz', '01/11/2021', 'oozz@multiply.com');
INSERT INTO MARCA VALUES ('M014', 'Eabox', '10/05/2021', 'eabox@usa.gov');
INSERT INTO MARCA VALUES ('M015', 'Yakitri', '01/03/2020', 'yakitri@rakuten.co.jp');
INSERT INTO MARCA VALUES ('M016', 'Bubblebox', '22/03/2020', 'bubblebox@unicef.org');
INSERT INTO MARCA VALUES ('M017', 'Skyble', '28/04/2021', 'skyble@washington.edu');
INSERT INTO MARCA VALUES ('M018', 'Jatri', '19/05/2022', 'jatri@t-online.de');
INSERT INTO MARCA VALUES ('M019', 'Devpoint', '01/12/2020', 'devpoint@imdb.com');
INSERT INTO MARCA VALUES ('M020', 'Skinix', '21/06/2021', 'skinix@is.gd');
INSERT INTO MARCA VALUES ('M021', 'Wordtune', '31/07/2021', 'wordtune@state.gov');
INSERT INTO MARCA VALUES ('M022', 'Rhyloo', '07/04/2021', 'rhyloo@wikipedia.org');
INSERT INTO MARCA VALUES ('M023', 'Eadel', '20/03/2020', 'eadel@t-online.de');
INSERT INTO MARCA VALUES ('M024', 'Kwilith', '05/10/2021', 'kwilith@zimbio.com');
INSERT INTO MARCA VALUES ('M025', 'Eadel', '03/03/2022', 'eadel@vimeo.com');
INSERT INTO MARCA VALUES ('M026', 'Babbleblab', '23/03/2020', 'babbleblab@clickbank.net');
INSERT INTO MARCA VALUES ('M027', 'Yamia', '15/10/2019', 'yamia@free.fr');
INSERT INTO MARCA VALUES ('M028', 'Dynabox', '26/11/2021', 'dynabox@umn.edu');
INSERT INTO MARCA VALUES ('M029', 'Thoughtmix', '30/06/2022', 'thoughtmix@hubpages.com');
INSERT INTO MARCA VALUES ('M030', 'Jetwire', '14/11/2019', 'jetwire@kickstarter.com');
INSERT INTO MARCA VALUES ('M031', 'Livetube', '05/03/2021', 'livetube@ox.ac.uk');
INSERT INTO MARCA VALUES ('M032', 'Pixoboo', '20/08/2020', 'pixoboo@techcrunch.com');
INSERT INTO MARCA VALUES ('M033', 'Youopia', '24/07/2021', 'youopia@skype.com');
INSERT INTO MARCA VALUES ('M034', 'Babbleblab', '09/11/2020', 'babbleblab@boston.com');
INSERT INTO MARCA VALUES ('M035', 'Gabvine', '23/07/2021', 'gabvine@netscape.com');
INSERT INTO MARCA VALUES ('M036', 'Trupe', '11/06/2022', 'trupe@businessinsider.com');
INSERT INTO MARCA VALUES ('M037', 'Buzzbean', '10/02/2022', 'buzzbean@delicious.com');
INSERT INTO MARCA VALUES ('M038', 'Tagopia', '25/02/2020', 'tagopia@odnoklassniki.ru');
INSERT INTO MARCA VALUES ('M039', 'Jabbersphere', '09/02/2020', 'jabbersphere@wunderground.com');
INSERT INTO MARCA VALUES ('M040', 'Gigashots', '20/07/2019', 'gigashots@rambler.ru');
INSERT INTO MARCA VALUES ('M041', 'Calan', '12/12/2017', 'calan@gmail.com');
INSERT INTO MARCA VALUES ('M042', 'Giorgio Armani', '08/10/2020', 'modagiorgio@yahoo.com');
INSERT INTO MARCA VALUES ('M043', 'Ermenegildo Zegna', '01/11/2015', 'ermezeg@yahoo.com');
INSERT INTO MARCA VALUES ('M044', 'Yerse', '04/04/2020', 'yerseok@gmail.com');
INSERT INTO MARCA VALUES ('M045', 'Masscob', '12/05/2022', 'masscob@net.com');
INSERT INTO MARCA VALUES ('M046', 'Rita Row', '06/12/2021', 'ritarowmoda@gmail.com');
INSERT INTO MARCA VALUES ('M047', 'La fantástica', '07/06/2019', 'fantastica@outlook.com');
INSERT INTO MARCA VALUES ('M048', 'Teoh and Lea', '25/06/2014', 'teoandlea@outlook.com');
INSERT INTO MARCA VALUES ('M049', 'Ecoalf', '14/02/2015', 'ecoalfxmd@hostmail.com');
INSERT INTO MARCA VALUES ('M050', 'Scalpers', '05/12/2020', 'scalpers@fastmail.com');
INSERT INTO MARCA VALUES ('M051', 'Edmmond Studios', '05/12/2017', 'edmmondstudios@hostmail.com');
INSERT INTO MARCA VALUES ('M052', ' Two Thirds', '05/12/2020', 'twothirds@zoho.com');
INSERT INTO MARCA VALUES ('M053', 'Brava', '12/03/2022', 'bravalook@email.com');
INSERT INTO MARCA VALUES ('M054', 'Pronovias', '13/07/2021', 'prenovias@fastmail.com');
INSERT INTO MARCA VALUES ('M055', 'Rosa Clara?', '30/06/2020', 'clararosa@hostmail.com');
INSERT INTO MARCA VALUES ('M056', 'Yolancris', '27/09/2018', 'yolancris@gmail.com');
INSERT INTO MARCA VALUES ('M057', 'Otaduy', '26/08/2019', 'otaduy@fastmail.com');
INSERT INTO MARCA VALUES ('M058', 'Beba’s', '25/07/2020', 'bebas@email.com');
INSERT INTO MARCA VALUES ('M059', 'Sophie Et Voila?', '24/06/2021', 'modasophievoila@outlook.com');
INSERT INTO MARCA VALUES ('M060', 'Cortana', '23/05/2022', 'cotanavestuario@email.com');
INSERT INTO MARCA VALUES ('M061', 'Tommy', '01/05/2019', 'tommy@email.com');
INSERT INTO MARCA VALUES ('M062', 'Columbia', '10/05/2019', 'columbia@hotmail.com');
INSERT INTO MARCA VALUES ('M063', 'Diesel', '01/06/2019', 'diesellook@vtr.net');
INSERT INTO MARCA VALUES ('M064', 'Levis', '23/05/2015', 'levisprendas@yahoo.com');
INSERT INTO MARCA VALUES ('M065', 'Pacer', '08/02/2018', 'pacer@gmail.com');
INSERT INTO MARCA VALUES ('M066', 'Fast fashion', '23/02/2015', 'fastfashion@hotmail.com');
INSERT INTO MARCA VALUES ('M067', 'Supreme', '08/08/2021', 'supreme@userana.cl');
INSERT INTO MARCA VALUES ('M068', 'FashionTIY', '23/10/2018', 'fashiontiy@vtr.net');
INSERT INTO MARCA VALUES ('M069', 'Primark', '18/05/2022', 'primark@userana.cl');
INSERT INTO MARCA VALUES ('M070', 'Asos', '17/09/2018', 'asos@hotmail.com');
INSERT INTO MARCA VALUES ('M071', 'HM', '18/03/2017', 'handm@email.com');
INSERT INTO MARCA VALUES ('M072', 'Kiabi', '22/11/2016', 'lamodaqui@kotmail.com');
INSERT INTO MARCA VALUES ('M073', 'Boohoo', '15/09/2015', 'boohoo@vtr.net');
INSERT INTO MARCA VALUES ('M074', 'Muroexe', '16/01/2015', 'muroexe@vtr.net');
INSERT INTO MARCA VALUES ('M075', 'Pompeii', '17/02/2016', 'pompei@email.com');
INSERT INTO MARCA VALUES ('M076', 'Hoff', '18/03/2017', 'hoffcontigo@gmail.com');
INSERT INTO MARCA VALUES ('M077', 'Yuccs', '19/04/2018', 'yuccs@outlook.com');
INSERT INTO MARCA VALUES ('M078', 'Munich', '15/09/2015', 'minich@esfera.cl');
INSERT INTO MARCA VALUES ('M079', 'Loewe', '20/10/2019', 'loewe@email.com');
INSERT INTO MARCA VALUES ('M080', 'Zubi', '21/11/2020', 'zubi@gmail.com');
INSERT INTO MARCA VALUES ('M081', 'Hereu', '22/12/2021', 'hereu@email.com');
INSERT INTO MARCA VALUES ('M082', 'Heimat', '23/01/2015', 'emait@segabbana.it');
INSERT INTO MARCA VALUES ('M083', 'M2 Malleiter', '21/11/2018', 'm2malleiter@hotmail.com');
INSERT INTO MARCA VALUES ('M084', 'Mercules', '21/11/2016', 'mercules@outlook.com');
INSERT INTO MARCA VALUES ('M085', 'Malababa', '06/04/2020', 'malababa@yahoo.com');
INSERT INTO MARCA VALUES ('M086', 'Reebok', '21/06/2021', 'reebok@yahoo.com');
INSERT INTO MARCA VALUES ('M087', 'Valentino', '27/09/2020', 'valentino@esfera.cl');
INSERT INTO MARCA VALUES ('M088', 'Lacoste', '09/09/2017', 'lacoste@gmail.com');
INSERT INTO MARCA VALUES ('M089', 'Calvin Klein', '07/11/2019', 'calvinklein@fastmail.com');
INSERT INTO MARCA VALUES ('M090', 'Victoria Secret', '21/11/2019', 'vistoriasecret@email.com');
INSERT INTO MARCA VALUES ('M091', 'Jordan', '05/09/2020', 'jordan@yahoo.com');
INSERT INTO MARCA VALUES ('M092', 'Diadora', '01/07/2022', 'diadoramodas@hotmail.com');
INSERT INTO MARCA VALUES ('M093', 'Polo', '21/11/2015', 'polo@fastmail.com');
INSERT INTO MARCA VALUES ('M094', 'Fila', '15/11/2018', 'fila@vtr.net');
INSERT INTO MARCA VALUES ('M095', 'Wilson', '01/01/2022', 'wilsomsports@email.com');
INSERT INTO MARCA VALUES ('M096', 'Totto', '09/02/2015', 'totto@gmail.com');
INSERT INTO MARCA VALUES ('M097', 'Champions', '18/06/2018', 'champions@outlook.com');
INSERT INTO MARCA VALUES ('M098', 'Umbro', '19/03/2020', 'umbro@yahoo.com');
INSERT INTO MARCA VALUES ('M099', 'Zara', '21/04/2021', 'zara@email.com');
INSERT INTO MARCA VALUES ('M100', 'Shein', '25/05/2021', 'shein@yahoo.com');
INSERT INTO MARCA VALUES ('M101', 'Pink', '30/07/2019', 'pink@outlook.com');


CREATE TABLE SEGMENTACION(
IdSegmentacion     NVARCHAR2(10),
Nombre             NVARCHAR2(20) NOT NULL,
Beneficio          NVARCHAR2(50) NOT NULL,
PRIMARY KEY(IdSegmentacion)
);
SELECT*FROM SEGMENTACION;

INSERT INTO SEGMENTACION VALUES('S1', 'VIP', 'DESCUENTO DEL 20% Y ENVIO GRATIS');
INSERT INTO SEGMENTACION VALUES('S2', 'ACTIVO', 'DESCUENTO DEL 10% EN CADA COMPRA');
INSERT INTO SEGMENTACION VALUES('S3', 'OCASIONAL', 'CUPON DE DESCUENTO DEL 5% CADA TRES COMPRAS');
INSERT INTO SEGMENTACION VALUES('S4', 'INACTIVO', 'SIN BENEFICIO');


CREATE TABLE ADMINISTRADOR(
IdAdministrador    VARCHAR2(13),
Nombre             NVARCHAR2(30) NOT NULL,
Apellido           NVARCHAR2(30) NOT NULL,
PRIMARY KEY(IdAdministrador)
);
SELECT*FROM ADMINISTRADOR;

--INSERT DE ADMINISTRADOR
INSERT INTO ADMINISTRADOR VALUES ('0101199512568','Sofia','Arias');
INSERT INTO ADMINISTRADOR VALUES ('0202198714965','Alejandro','Torres');
INSERT INTO ADMINISTRADOR VALUES ('0303198689452','Tomas','Madrid');
INSERT INTO ADMINISTRADOR VALUES ('0305199074859','Emma','Molina');
INSERT INTO ADMINISTRADOR VALUES ('0308198412569','Salomon','Murillo');
INSERT INTO ADMINISTRADOR VALUES ('0404199247896','Isabella','Hernandez');
INSERT INTO ADMINISTRADOR VALUES ('0406199441236','Olivia','Martinez');
INSERT INTO ADMINISTRADOR VALUES ('0407199747856','Daniel','Lopez');
INSERT INTO ADMINISTRADOR VALUES ('0409199042357','Andres','Aguero');
INSERT INTO ADMINISTRADOR VALUES ('0501198979562','Ava','Aguilar');
INSERT INTO ADMINISTRADOR VALUES ('0501198978536','Daniel','Valeriano');
INSERT INTO ADMINISTRADOR VALUES ('0501199278450','Mario','Baquedano');
INSERT INTO ADMINISTRADOR VALUES ('0501199307890','Emily','Samora');
INSERT INTO ADMINISTRADOR VALUES ('0510199408611','Juan','Fernandez');
INSERT INTO ADMINISTRADOR VALUES ('0606199556625','Pedro','Rodriguez');
INSERT INTO ADMINISTRADOR VALUES ('0607198900057','Abigail','Hernandez');
INSERT INTO ADMINISTRADOR VALUES ('0708199612580','Oscar','Ruiz');
INSERT INTO ADMINISTRADOR VALUES ('0709198914785','Orlando','Sanches');
INSERT INTO ADMINISTRADOR VALUES ('0710198723698','Moises','Lopez');
INSERT INTO ADMINISTRADOR VALUES ('0816198852147','Mia','Vasquez');
INSERT INTO ADMINISTRADOR VALUES ('0801198796654','Natanael','Velasquez');
INSERT INTO ADMINISTRADOR VALUES ('0801199047856','Camila','Martinez');
INSERT INTO ADMINISTRADOR VALUES ('0801199112516','Samuel','Dominguez');
INSERT INTO ADMINISTRADOR VALUES ('0801199878564','Maria','Ramos');
INSERT INTO ADMINISTRADOR VALUES ('0801199414785','Antonio','Suarez');
INSERT INTO ADMINISTRADOR VALUES ('0801198789620','Elizabeth','Arias');
INSERT INTO ADMINISTRADOR VALUES ('0801198911225','Antoni','Alvarado');
INSERT INTO ADMINISTRADOR VALUES ('0801199012663','Maria','Hernandez');
INSERT INTO ADMINISTRADOR VALUES ('0801200022468','Ramon','Barahona');
INSERT INTO ADMINISTRADOR VALUES ('0823200123922','Jorge','Cruz');
INSERT INTO ADMINISTRADOR VALUES ('0824199914862','Frederick','Caseres');
INSERT INTO ADMINISTRADOR VALUES ('1001199878951','Oscar','Campos');
INSERT INTO ADMINISTRADOR VALUES ('1001198878945','Sonia','Martinez');
INSERT INTO ADMINISTRADOR VALUES ('1101199078946','Jaffeth','Viera');
INSERT INTO ADMINISTRADOR VALUES ('1213199202301','Romina','Soto');
INSERT INTO ADMINISTRADOR VALUES ('1301199410230','Isaias','Torres');
INSERT INTO ADMINISTRADOR VALUES ('1415199412503','Mateo','Lara');
INSERT INTO ADMINISTRADOR VALUES ('1513198947812','Martina','Diaz');
INSERT INTO ADMINISTRADOR VALUES ('1803199978103','Alejandro','Bravo');
INSERT INTO ADMINISTRADOR VALUES ('1804198978514','Petrona','Dominguez');
INSERT INTO ADMINISTRADOR VALUES('170119878926', 'Barnard', 'Dawidowsky');
INSERT INTO ADMINISTRADOR VALUES('170119902795', 'Vivianne', 'Cunniff');
INSERT INTO ADMINISTRADOR VALUES('170119940224', 'Dorena', 'Giraudoux');
INSERT INTO ADMINISTRADOR VALUES('170119887685', 'Marcelline', 'Dwyr');
INSERT INTO ADMINISTRADOR VALUES('170119945987', 'Denna', 'Strauss');
INSERT INTO ADMINISTRADOR VALUES('180619872835', 'Gary', 'Todd');
INSERT INTO ADMINISTRADOR VALUES('180619906279', 'Gaylene', 'Weond');
INSERT INTO ADMINISTRADOR VALUES('180619878030', 'Kit', 'Ivatts');
INSERT INTO ADMINISTRADOR VALUES('180619950863', 'Marijn', 'Fabbro');
INSERT INTO ADMINISTRADOR VALUES('180619897352', 'Nelia', 'Kelle');
INSERT INTO ADMINISTRADOR VALUES('160419927438', 'Lamond', 'Syratt');
INSERT INTO ADMINISTRADOR VALUES('160419866547', 'Finn', 'Steeples');
INSERT INTO ADMINISTRADOR VALUES('160419961951', 'Merrick', 'Marquis');
INSERT INTO ADMINISTRADOR VALUES('160419937202', 'Meris', 'Daniellot');
INSERT INTO ADMINISTRADOR VALUES('160419822654', 'Goldi', 'Sleaford');
INSERT INTO ADMINISTRADOR VALUES('132719976045', 'Karlene', 'Desborough');
INSERT INTO ADMINISTRADOR VALUES('132719885980', 'Erin', 'McKinie');
INSERT INTO ADMINISTRADOR VALUES('132719929540', 'Lindon', 'Hessentaler');
INSERT INTO ADMINISTRADOR VALUES('132719885884', 'Rudiger', 'Quest');
INSERT INTO ADMINISTRADOR VALUES('132719969656', 'Rafael', 'Hurl');
INSERT INTO ADMINISTRADOR VALUES('140419877822', 'Beckie', 'Howroyd');
INSERT INTO ADMINISTRADOR VALUES('140419825097', 'Kelsey', 'Aizlewood');
INSERT INTO ADMINISTRADOR VALUES('140419840208', 'Carolin', 'Grieves');
INSERT INTO ADMINISTRADOR VALUES('140419796724', 'Chaddie', 'Mawford');
INSERT INTO ADMINISTRADOR VALUES('140419990483', 'Morgan', 'Girton');
INSERT INTO ADMINISTRADOR VALUES('140819939398', 'Burch', 'Kitchinghan');
INSERT INTO ADMINISTRADOR VALUES('140819825834', 'Ardath', 'Fiske');
INSERT INTO ADMINISTRADOR VALUES('140819762467', 'Marlane', 'Barns');
INSERT INTO ADMINISTRADOR VALUES('140819911326', 'Phillipe', 'Larcier');
INSERT INTO ADMINISTRADOR VALUES('140819901511', 'Andromache', 'Wane');
INSERT INTO ADMINISTRADOR VALUES('140819898155', 'Earle', 'Burnsides');
INSERT INTO ADMINISTRADOR VALUES('140819936168', 'Tiffanie', 'Tukesby');
INSERT INTO ADMINISTRADOR VALUES('020419854967', 'Briano', 'Quadrio');
INSERT INTO ADMINISTRADOR VALUES('020419835002', 'Rodney', 'Ramel');
INSERT INTO ADMINISTRADOR VALUES('020419792670', 'Marys', 'Crampin');
INSERT INTO ADMINISTRADOR VALUES('020419957217', 'Anastasia', 'Mandrake');
INSERT INTO ADMINISTRADOR VALUES('020419944025', 'Kinsley', 'Bleackly');
INSERT INTO ADMINISTRADOR VALUES('020419883592', 'Britt', 'Praill');
INSERT INTO ADMINISTRADOR VALUES('010619927623', 'Florella', 'Hilhouse');
INSERT INTO ADMINISTRADOR VALUES('010619957909', 'Levin', 'Wooffitt');
INSERT INTO ADMINISTRADOR VALUES('010619856514', 'Noni', 'Yele');
INSERT INTO ADMINISTRADOR VALUES('010619922281', 'Elizabet', 'Archley');
INSERT INTO ADMINISTRADOR VALUES('010619860793', 'Corey', 'Sinclair');
INSERT INTO ADMINISTRADOR VALUES('060119983209', 'Tera', 'Murrill');
INSERT INTO ADMINISTRADOR VALUES('060119821153', 'Keefe', 'Chue');
INSERT INTO ADMINISTRADOR VALUES('060119890219', 'Johnathan', 'Cranmere');
INSERT INTO ADMINISTRADOR VALUES('060119813735', 'Mara', 'Mico');
INSERT INTO ADMINISTRADOR VALUES('060119915314', 'Kore', 'Weiner');
INSERT INTO ADMINISTRADOR VALUES('060119887312', 'Webster', 'Matej');
INSERT INTO ADMINISTRADOR VALUES('080719851975', 'Tobias', 'Collard');
INSERT INTO ADMINISTRADOR VALUES('080719898853', 'Hort', 'McCarly');
INSERT INTO ADMINISTRADOR VALUES('080719987169', 'Isak', 'Stolting');
INSERT INTO ADMINISTRADOR VALUES('080719952573', 'Kincaid', 'Whilder');
INSERT INTO ADMINISTRADOR VALUES('080719896214', 'Yvonne', 'Dofty');
INSERT INTO ADMINISTRADOR VALUES('090219959818', 'Laurent', 'Ellice');
INSERT INTO ADMINISTRADOR VALUES('090219871037', 'Keriann', 'Orviss');
INSERT INTO ADMINISTRADOR VALUES('090219949749', 'Anabel', 'Cahalan');
INSERT INTO ADMINISTRADOR VALUES('090219918960', 'Ginni', 'Yekel');
INSERT INTO ADMINISTRADOR VALUES('090219895066', 'Cal', 'O''Reagan');
INSERT INTO ADMINISTRADOR VALUES('120319896328', 'Gabey', 'Sparkwell');
INSERT INTO ADMINISTRADOR VALUES('120319947206', 'Mira', 'Tyhurst');
INSERT INTO ADMINISTRADOR VALUES('120319996642', 'Hoebart', 'Neely');

CREATE TABLE MOTORISTA(
IdMotorista        VARCHAR2(13),
Nombre             NVARCHAR2(30) NOT NULL,
Apellido           NVARCHAR2(30) NOT NULL,
TipoTransporte     NVARCHAR2(30) NOT NULL,
Placa              VARCHAR2(8) UNIQUE,
PRIMARY KEY(IdMotorista)
);
SELECT*FROM MOTORISTA;

--INSERT DE MOTORISTA
INSERT INTO MOTORISTA VALUES('1206200106335','Babb','Caesmans','Auto','BZN8436');
INSERT INTO MOTORISTA VALUES('1205199015725','Tiebold','Liebrecht','Moto','RFV3764');
INSERT INTO MOTORISTA VALUES('1207199026963','Harmonia','Tine','Auto','XHP5369');
INSERT INTO MOTORISTA VALUES('1209198128146','Lorenzo','Scorrer','Auto','BBX3624');
INSERT INTO MOTORISTA VALUES('1202199409962','Baxie','Everley','Bicicleta',NULL);
INSERT INTO MOTORISTA VALUES('1212198511943','Amy','Gramer','Auto','JTE3454');
INSERT INTO MOTORISTA VALUES('1204198832392','Lira','Latty','Auto','TZK3869');
INSERT INTO MOTORISTA VALUES('1201199500154','Keslie','Coupman','Auto','MXU2894');
INSERT INTO MOTORISTA VALUES('1102200106335','Joellyn','Colbourne','Auto','JMK2288');
INSERT INTO MOTORISTA VALUES('1101199015725','Vita','Orto','Auto','VVN8788');
INSERT INTO MOTORISTA VALUES('1103199026963','Odell','Raine','Auto','ZVX2262');
INSERT INTO MOTORISTA VALUES('1101198128146','Abigale','Baskeyfield','Bicicleta',NULL);
INSERT INTO MOTORISTA VALUES('1102199409962','Errol','Seaborne','Auto','DUL4564');
INSERT INTO MOTORISTA VALUES('0814200106335','Temple','Daverin','Auto','NDS8884');
INSERT INTO MOTORISTA VALUES('0813199015725','Bernetta','DeMichele','Auto','ZHK6432');
INSERT INTO MOTORISTA VALUES('0827199026963','Lauree','Priddy','Bicicleta',NULL);
INSERT INTO MOTORISTA VALUES('0821198128146','Marian','Thornborrow','Auto','VYC3542');
INSERT INTO MOTORISTA VALUES('0814199409962','Maje','Borborough','Auto','GLJ5699');
INSERT INTO MOTORISTA VALUES('0816198511943','Worden','McCloud','Auto','QVE9575');
INSERT INTO MOTORISTA VALUES('0812198832392','Stephani','Ballantine','Bicicleta',NULL);
INSERT INTO MOTORISTA VALUES('0817199500154','Maximilien','Montel','Auto','XEC3885');
INSERT INTO MOTORISTA VALUES('0814200506335','Field','Dumbrill','Auto','ZSV5382');
INSERT INTO MOTORISTA VALUES('0813199415725','Morgun','Thomel','Moto','FCU6887');
INSERT INTO MOTORISTA VALUES('0827199826963','Carena','Donizeau','Moto','LKY5449');
INSERT INTO MOTORISTA VALUES('0921198128146','Claudina','Spragge','Bicicleta',NULL);
INSERT INTO MOTORISTA VALUES('0814199309962','Devlin','Twitchings','Moto','VLY9649');
INSERT INTO MOTORISTA VALUES('0816198711943','Sheena','Eggle','Moto','SVU8573');
INSERT INTO MOTORISTA VALUES('0812198232392','Con','Isakovic','Moto','XMH6455');
INSERT INTO MOTORISTA VALUES('0817199900154','Obadias','Wohler','Moto','NBB3242');
INSERT INTO MOTORISTA VALUES('1008200106335','Arnie','Lorence','Moto','GKG5877');
INSERT INTO MOTORISTA VALUES('1015199015725','Fax','Kemer','Moto','VUB7963');
INSERT INTO MOTORISTA VALUES('1004199026963','Zollie','Burgen','Moto','ANH2724');
INSERT INTO MOTORISTA VALUES('1002198128146','Indira','Jerdon','Moto','ZUM4887');
INSERT INTO MOTORISTA VALUES('1009199409962','Reube','Gwioneth','Moto','KBE6257');
INSERT INTO MOTORISTA VALUES('1016198511943','Ephraim','Jedrzejewicz','Moto','CMC7726');
INSERT INTO MOTORISTA VALUES('1017198832392','Davis','Rolfs','Moto','PAG6774');
INSERT INTO MOTORISTA VALUES('1002199500154','Starr','O''Beirne','Moto','VEQ5224');
INSERT INTO MOTORISTA VALUES('1004198817422','Clyve','Agastina','Moto','JHD7725');
INSERT INTO MOTORISTA VALUES('1017198719896','Prinz','Luck','Auto','FUC4438');
INSERT INTO MOTORISTA VALUES('0801200004524','Loralee','Sheirlaw','Moto','GPF6599');
INSERT INTO MOTORISTA VALUES('1214197636940','Ryun','Bartusek','Moto','JAV8764');
INSERT INTO MOTORISTA VALUES('1214198688314','Mathian','Marjanovic','Auto','UCK7723');
INSERT INTO MOTORISTA VALUES('1214199508123','Oliy','Robert','Auto','MWE6264');
INSERT INTO MOTORISTA VALUES('1214198512034','Kynthia','Headford','Auto','VGZ7756');
INSERT INTO MOTORISTA VALUES('1214198608246','Nickolaus','McNickle','Bicicleta',NULL);
INSERT INTO MOTORISTA VALUES('1214199726159','Bibbye','Ivy','Bicicleta',NULL);
INSERT INTO MOTORISTA VALUES('1521198397862','Adrian','Craigmyle','Bicicleta',NULL);
INSERT INTO MOTORISTA VALUES('1521199772875','Iggy','VanderMark','Moto','WCM7456');
INSERT INTO MOTORISTA VALUES('1521199726687','Loydie','Anthiftle','Moto','DTG7257');
INSERT INTO MOTORISTA VALUES('1521199002096','Willis','Goodlett','Moto','MXJ4687');
INSERT INTO MOTORISTA VALUES('1521199797390','Simon','Ziemens','Moto','DKP3223');
INSERT INTO MOTORISTA VALUES('1511198791107','Brewster','Wooton','Moto','ZBK8578');
INSERT INTO MOTORISTA VALUES('1511191010868','Rosalinde','Gergolet','Moto','CNG3784');
INSERT INTO MOTORISTA VALUES('1511199252296','Carolina','Mandre','Moto','WZM9372');
INSERT INTO MOTORISTA VALUES('1511199131341','Irina','Saward','Moto','KHP6798');
INSERT INTO MOTORISTA VALUES('1511198865557','Rebeka','Cottee','Moto','GKA7929');
INSERT INTO MOTORISTA VALUES('1523199959576','Rochelle','Goggey','Auto','HFR6738');
INSERT INTO MOTORISTA VALUES('1523198376867','Gayel','Somerfield','Auto','TJL2479');
INSERT INTO MOTORISTA VALUES('1523198515398','Easter','Klouz','Auto','FCA2787');
INSERT INTO MOTORISTA VALUES('1612197251692','Caz','Rameau','Auto','WSZ5587');
INSERT INTO MOTORISTA VALUES('1612198957081','Dominique','Fever','Auto','GRV2665');
INSERT INTO MOTORISTA VALUES('1612197587320','Letti','Moulden','Auto','HCY3865');
INSERT INTO MOTORISTA VALUES('1612199332653','Laryssa','Tomasutti','Moto','YLE5534');
INSERT INTO MOTORISTA VALUES('1612198296864','Carmela','Norquoy','Moto','AQQ3779');
INSERT INTO MOTORISTA VALUES('1612196871495','Nari','Belliss','Moto','DVB4544');
INSERT INTO MOTORISTA VALUES('1704195231036','Caryn','Brideoke','Moto','HUS8542');
INSERT INTO MOTORISTA VALUES('1704197431637','Frasco','Nolan','Moto','BCH2476');
INSERT INTO MOTORISTA VALUES('1704199678908','Lil','Chalmers','Moto','WHD3989');
INSERT INTO MOTORISTA VALUES('1803196825009','Staford','Garralts','Moto','TRC7595');
INSERT INTO MOTORISTA VALUES('1803198338911','Augustine','Pratton','Moto','ZPM9935');
INSERT INTO MOTORISTA VALUES('1803198238002','Herb','Werrilow','Moto','RFC4852');
INSERT INTO MOTORISTA VALUES('1803197123336','Ranique','Goreway','Moto','TWF4364');
INSERT INTO MOTORISTA VALUES('1803198139974','Alyce','Acarson','Moto','NBV9469');
INSERT INTO MOTORISTA VALUES('1809198600505','Rolando','Lindeman','Moto','TXN7469');
INSERT INTO MOTORISTA VALUES('1809199981736','Jacklyn','Jantet','Moto','ADM2626');
INSERT INTO MOTORISTA VALUES('1809199097672','Glynn','Dungey','Moto','YML5856');
INSERT INTO MOTORISTA VALUES('1310198809368','Emlyn','Corradeschi','Bicicleta',NULL);
INSERT INTO MOTORISTA VALUES('1310200087698','Garreth','Benneyworth','Bicicleta',NULL);
INSERT INTO MOTORISTA VALUES('0823199918304','Bellanca','Oxtiby','Moto','CKW6484');
INSERT INTO MOTORISTA VALUES('0823198662571','Fletcher','Detheridge','Moto','NDC3658');
INSERT INTO MOTORISTA VALUES('0823198648812','Franklyn','Murkin','Moto','QSH5929');
INSERT INTO MOTORISTA VALUES('0823199257531','Aveline','Hammerman','Moto','SGK9782');
INSERT INTO MOTORISTA VALUES('0824199510344','Elnore','Clifton','Moto','SQH3347');
INSERT INTO MOTORISTA VALUES('0701197947225','Clementius','Wadsworth','Auto','ECL6582');
INSERT INTO MOTORISTA VALUES('0701198682436','Ulysses','Daout','Auto','KKJ2744');
INSERT INTO MOTORISTA VALUES('0701198685170','Thacher','Clutterbuck','Auto','WQW3958');
INSERT INTO MOTORISTA VALUES('0607198175836','Teodorico','Giannoni','Auto','LNP7687');
INSERT INTO MOTORISTA VALUES('0607198857594','Barbee','Rubbert','Auto','RCW4945');
INSERT INTO MOTORISTA VALUES('0607199512725','Janine','Wilkes','Auto','MPN8722');
INSERT INTO MOTORISTA VALUES('0607198672431','Tomi','Davidovitz','Auto','CFC5725');
INSERT INTO MOTORISTA VALUES('0408199954342','Chancey','Fairhall','Auto','PME5993');
INSERT INTO MOTORISTA VALUES('0408198644312','Cathie','Yanyshev','Auto','HBR3947');
INSERT INTO MOTORISTA VALUES('0408198586702','Rutger','Wraggs','Auto','VXG7569');
INSERT INTO MOTORISTA VALUES('0404199336403','Rosie','Marrison','Auto','RVW7446');
INSERT INTO MOTORISTA VALUES('0409199401304','Irv','Halvosen','Auto','RDQ2784');
INSERT INTO MOTORISTA VALUES('1201199284795','Eliza','Osgar','Moto','PBP7985');
INSERT INTO MOTORISTA VALUES('1201199869906','Rubi','Briffett','Moto','MCT8546');
INSERT INTO MOTORISTA VALUES('1201198521437','Giovanni','Punch','Moto','KYL9459');
INSERT INTO MOTORISTA VALUES('1201198600438','Lindie','Skittle','Moto','BMR3573');
INSERT INTO MOTORISTA VALUES('1201198962039','Bridie','Icke','Moto','THB6796');
INSERT INTO MOTORISTA VALUES('1201198827920','Adel','Blaksland','Moto','QTM8435');

CREATE TABLE ENCARGADO_INVENTARIO(
IdEncargado        VARCHAR2(13),
Nombre             NVARCHAR2(30) NOT NULL,
Apellido           NVARCHAR2(30) NOT NULL,
PRIMARY KEY(IdEncargado)
);
SELECT*FROM ENCARGADO_INVENTARIO;

--INSERT A ENCARGADO INVENTARIO

INSERT INTO ENCARGADO_INVENTARIO VALUES ('0104198912569','Ana','Rivera');
INSERT INTO ENCARGADO_INVENTARIO VALUES ('0109199098745','Osman','Rojas');
INSERT INTO ENCARGADO_INVENTARIO VALUES ('0110198945698','Maria','Sanchez');
INSERT INTO ENCARGADO_INVENTARIO VALUES ('0210199132684','Fernando','Lopez');
INSERT INTO ENCARGADO_INVENTARIO VALUES ('0211199212589','Fernanda','Rodriguez');
INSERT INTO ENCARGADO_INVENTARIO VALUES ('0304199914523','Fabian','Martinez');
INSERT INTO ENCARGADO_INVENTARIO VALUES ('0315198756894','Denis','Osorto');
INSERT INTO ENCARGADO_INVENTARIO VALUES ('0316198910202','Yoselin','Castro');
INSERT INTO ENCARGADO_INVENTARIO VALUES ('0408199520658','Leonardo','Torres');
INSERT INTO ENCARGADO_INVENTARIO VALUES ('0412199323077','Samuel','Cruz');
INSERT INTO ENCARGADO_INVENTARIO VALUES ('0416199123922','Angie','Caceres');
INSERT INTO ENCARGADO_INVENTARIO VALUES ('0510199708467','Joselin','Martinez');
INSERT INTO ENCARGADO_INVENTARIO VALUES ('0515199845104','Tiburcio','Arteaga');
INSERT INTO ENCARGADO_INVENTARIO VALUES ('0602199710205','Francisco','Marinero');
INSERT INTO ENCARGADO_INVENTARIO VALUES ('0604199914653','Armando','Vargas');
INSERT INTO ENCARGADO_INVENTARIO VALUES ('0612200078235','Grissel','Martinez');
INSERT INTO ENCARGADO_INVENTARIO VALUES ('0710199415936','Angel','Salazar');
INSERT INTO ENCARGADO_INVENTARIO VALUES ('0712199659865','Angeles','Alonso');
INSERT INTO ENCARGADO_INVENTARIO VALUES ('0714198956983','Mari','Mar');
INSERT INTO ENCARGADO_INVENTARIO VALUES ('0801198856895','Jimena','Espinosa');
INSERT INTO ENCARGADO_INVENTARIO VALUES ('0801199013587','Victor','Espinal');
INSERT INTO ENCARGADO_INVENTARIO VALUES ('0801199178456','Francisco','Dormes');
INSERT INTO ENCARGADO_INVENTARIO VALUES ('0801199296140','Ricardo','Soto');
INSERT INTO ENCARGADO_INVENTARIO VALUES ('0801199304869','Jose','Bravo');
INSERT INTO ENCARGADO_INVENTARIO VALUES ('0801199423922','Maria','Martinez');
INSERT INTO ENCARGADO_INVENTARIO VALUES ('0801198922832','Josue','Heredia');
INSERT INTO ENCARGADO_INVENTARIO VALUES ('0801199989899','Israel','Romero');
INSERT INTO ENCARGADO_INVENTARIO VALUES ('0814199877750','Suyapa','Monteros');
INSERT INTO ENCARGADO_INVENTARIO VALUES ('0816199667920','Alejandro','Ramos');
INSERT INTO ENCARGADO_INVENTARIO VALUES ('0909199953083','Marina','Martinez');
INSERT INTO ENCARGADO_INVENTARIO VALUES ('0912200012589','Jeimy','Heredia');
INSERT INTO ENCARGADO_INVENTARIO VALUES ('1001198978461','Olimpia','Costa');
INSERT INTO ENCARGADO_INVENTARIO VALUES ('1008199878213','Mateo','Moreno');
INSERT INTO ENCARGADO_INVENTARIO VALUES ('1104199759112','Fernanda','Flores');
INSERT INTO ENCARGADO_INVENTARIO VALUES ('1303199513020','Andrea','Peralta');
INSERT INTO ENCARGADO_INVENTARIO VALUES ('1406199612537','Lorenzo','Silva');
INSERT INTO ENCARGADO_INVENTARIO VALUES ('1509199248951','David','Catro');
INSERT INTO ENCARGADO_INVENTARIO VALUES ('1608199478452','Reimunda','Navarro');
INSERT INTO ENCARGADO_INVENTARIO VALUES ('1703199313842','Liam','Maldonado');
INSERT INTO ENCARGADO_INVENTARIO VALUES ('1804200048462','Jacobo','Martin');
INSERT INTO ENCARGADO_INVENTARIO VALUES ('0809200017243', 'Edimar', 'Gutierrez');
INSERT INTO ENCARGADO_INVENTARIO VALUES ('0803200051061', 'Patricio', 'Juarez');
INSERT INTO ENCARGADO_INVENTARIO VALUES ('0822199950506', 'Liberio', 'Yaqui');
INSERT INTO ENCARGADO_INVENTARIO VALUES ('0714199928464', 'Kimbell', 'Lobo');
INSERT INTO ENCARGADO_INVENTARIO VALUES ('0806199900053', 'Tamqrah', 'Cotty');
INSERT INTO ENCARGADO_INVENTARIO VALUES ('0421199880021', 'Evvie', 'Tulley');
INSERT INTO ENCARGADO_INVENTARIO VALUES ('1102199836522', 'Matthias', 'Cruz');
INSERT INTO ENCARGADO_INVENTARIO VALUES ('0822199850418', 'Ana', 'Stevenson');
INSERT INTO ENCARGADO_INVENTARIO VALUES ('1206200104867', 'Vanna', 'Torrez');
INSERT INTO ENCARGADO_INVENTARIO VALUES ('1103199770504', 'Akim', 'Fernandez');
INSERT INTO ENCARGADO_INVENTARIO VALUES ('0104199715383', 'Alfi', 'Altamira');
INSERT INTO ENCARGADO_INVENTARIO VALUES ('0821199736818', 'Erinn', 'Perdomo');
INSERT INTO ENCARGADO_INVENTARIO VALUES ('0821199748343', 'Jean', 'Perez');
INSERT INTO ENCARGADO_INVENTARIO VALUES ('0410199615421', 'Kristal', 'Alvarez');
INSERT INTO ENCARGADO_INVENTARIO VALUES ('0712198536056', 'Edwina', 'Lobo');
INSERT INTO ENCARGADO_INVENTARIO VALUES ('1017199612655', 'Carina', 'Archard');
INSERT INTO ENCARGADO_INVENTARIO VALUES ('0809199600572', 'Jeremias', 'Ashlee');
INSERT INTO ENCARGADO_INVENTARIO VALUES ('1001199623874', 'Fonzie', 'Villalobos');
INSERT INTO ENCARGADO_INVENTARIO VALUES ('0206199576680', 'Geremias', 'Carranza');
INSERT INTO ENCARGADO_INVENTARIO VALUES ('0827199546861', 'Maiya', 'Espinoza');
INSERT INTO ENCARGADO_INVENTARIO VALUES ('0411199560071', 'Maria', 'Kenway');
INSERT INTO ENCARGADO_INVENTARIO VALUES ('1503199505345', 'Ansley', 'Fonquernie');
INSERT INTO ENCARGADO_INVENTARIO VALUES ('0405199432676', 'Vikki', 'Goodhall');
INSERT INTO ENCARGADO_INVENTARIO VALUES ('1521199413068', 'Kaleb', 'Arrundale');
INSERT INTO ENCARGADO_INVENTARIO VALUES ('160319940064', 'Nani', 'Orrell');
INSERT INTO ENCARGADO_INVENTARIO VALUES ('1408199454020', 'Erroll', 'Simioli');
INSERT INTO ENCARGADO_INVENTARIO VALUES ('0405198271181', 'Talia', 'Dransfield');
INSERT INTO ENCARGADO_INVENTARIO VALUES ('1009199371008', 'Ula', 'Keling');
INSERT INTO ENCARGADO_INVENTARIO VALUES ('1601199324837', 'Denys', 'Montoya');
INSERT INTO ENCARGADO_INVENTARIO VALUES ('1803199355163', 'Hillel', 'Hasser');
INSERT INTO ENCARGADO_INVENTARIO VALUES ('0821199327401', 'Rina', 'Condor');
INSERT INTO ENCARGADO_INVENTARIO VALUES ('0710199213480', 'Danniel', 'Berre');
INSERT INTO ENCARGADO_INVENTARIO VALUES ('1811199243558', 'Danell', 'Nuñez');
INSERT INTO ENCARGADO_INVENTARIO VALUES ('1402199201880', 'Waylon', 'Murcutt');
INSERT INTO ENCARGADO_INVENTARIO VALUES ('0827200005726', 'Delbert', 'Smurfit');
INSERT INTO ENCARGADO_INVENTARIO VALUES ('0825199932827', 'Stormy', 'Rouff');
INSERT INTO ENCARGADO_INVENTARIO VALUES ('0403199238880', 'Todd', 'Becerra');
INSERT INTO ENCARGADO_INVENTARIO VALUES ('0804199177020', 'Armand', 'Heeks');
INSERT INTO ENCARGADO_INVENTARIO VALUES ('1806199103758', 'Maylu', 'Yaqui');
INSERT INTO ENCARGADO_INVENTARIO VALUES ('0716199117102', 'Adela', 'Paredes');
INSERT INTO ENCARGADO_INVENTARIO VALUES ('1505199168000', 'Filomena', 'Chavarria');
INSERT INTO ENCARGADO_INVENTARIO VALUES ('1509199031743', 'Arlen', 'Villalta');
INSERT INTO ENCARGADO_INVENTARIO VALUES ('0704199003870', 'Nahomy', 'Ixen');
INSERT INTO ENCARGADO_INVENTARIO VALUES ('0907199030061', 'Alon', 'Durango');
INSERT INTO ENCARGADO_INVENTARIO VALUES ('0718198917815', 'Mavis', 'Franzonello');
INSERT INTO ENCARGADO_INVENTARIO VALUES ('1106198918831', 'Remus', 'Deinhardt');
INSERT INTO ENCARGADO_INVENTARIO VALUES ('1523198820280', 'Calida', 'Jeannin');
INSERT INTO ENCARGADO_INVENTARIO VALUES ('1523198873065', 'Lanie', 'Vaca');
INSERT INTO ENCARGADO_INVENTARIO VALUES ('0827198873307', 'Kelvin', 'Cruz');
INSERT INTO ENCARGADO_INVENTARIO VALUES ('0820198763003', 'Pavel', 'Benitez');
INSERT INTO ENCARGADO_INVENTARIO VALUES ('0801198735383', 'Salmon', 'Eddie');
INSERT INTO ENCARGADO_INVENTARIO VALUES ('0718198661857', 'Salli', 'Borg');
INSERT INTO ENCARGADO_INVENTARIO VALUES ('1302198620818', 'Veronika', 'Filip');
INSERT INTO ENCARGADO_INVENTARIO VALUES ('0401198578740', 'Dora', 'Gilton');
INSERT INTO ENCARGADO_INVENTARIO VALUES ('0419198515514', 'Dorothy', 'Keyson');
INSERT INTO ENCARGADO_INVENTARIO VALUES ('0307198480526', 'Melody', 'Juliar');
INSERT INTO ENCARGADO_INVENTARIO VALUES ('0812198444277', 'Bessy', 'Prangle');
INSERT INTO ENCARGADO_INVENTARIO VALUES ('0306198325065', 'Hillary', 'Tanby');
INSERT INTO ENCARGADO_INVENTARIO VALUES ('0705198362707', 'Kira', 'Mendez');
INSERT INTO ENCARGADO_INVENTARIO VALUES ('0603198388014', 'Jessy', 'Osorto');
-------------------------------------------------------------------------------------

CREATE TABLE CLIENTE (
IdCliente VARCHAR2(13),
Nombre    NVARCHAR2(30) NOT NULL,
Apellido  NVARCHAR2(30) NOT NULL,
Genero    CHAR(1) NOT NULL,
Usuario   NVARCHAR2(20) NOT NULL UNIQUE,
Contrasenia NVARCHAR2(20) NOT NULL,
Email     NVARCHAR2(30) NOT NULL UNIQUE, 
Direccion  NVARCHAR2(100) NOT NULL,
IdSegmentacion NVARCHAR2(10) NOT NULL,
PRIMARY KEY (IdCliente),
CONSTRAINT CHK_GENERO CHECK (Genero in ('F','M')),
CONSTRAINT FK_CliSeg FOREIGN KEY (IdSegmentacion) REFERENCES SEGMENTACION(IdSegmentacion)
);
SELECT*FROM CLIENTE;


CREATE TABLE PRODUCTO (
IdProducto NVARCHAR2(10),
Nombre NVARCHAR2(30) NOT NULL,
Precio FLOAT NOT NULL,
IdMarca NVARCHAR2(10) NOT NULL,
PRIMARY KEY (IdProducto),
CONSTRAINT FK_ProMar FOREIGN KEY (IdMarca) REFERENCES MARCA(IdMarca)
);
SELECT*FROM PRODUCTO;

INSERT INTO PRODUCTO VALUES ('2026708440', 'Vestido de encaje', '737.82', 'M005');
INSERT INTO PRODUCTO VALUES ('4042181910', 'Vestido tie-dye ', '404.41', 'M020');
INSERT INTO PRODUCTO VALUES ('1246372561', 'Vestido con abertura delantera', '817.64', 'M006');
INSERT INTO PRODUCTO VALUES ('1205310108', 'Vestido ajustado', '505.54', 'M005');
INSERT INTO PRODUCTO VALUES ('7378977080', 'Vestido estampado floral', '663.41', 'M012');
INSERT INTO PRODUCTO VALUES ('0301029149', 'Vestido de tirantes', '525.39', 'M015');
INSERT INTO PRODUCTO VALUES ('3128926394', 'Vestido con cinturón', '743.49', 'M018');
INSERT INTO PRODUCTO VALUES ('7464304279', 'Vestido largo', '604.51', 'M005');
INSERT INTO PRODUCTO VALUES ('0326543268', 'Vestido de lunares', '598.50', 'M096');
INSERT INTO PRODUCTO VALUES ('0963527913', 'Vestido espalda abierta', '659.42', 'M081');
INSERT INTO PRODUCTO VALUES ('3173037264', 'Vestido de tirantes ajustado', '519.18', 'M074');
INSERT INTO PRODUCTO VALUES ('6523949652', 'Vestido linea A', '567.49', 'M004');
INSERT INTO PRODUCTO VALUES ('2748144518', 'Camisa', '296.31', 'M015');
INSERT INTO PRODUCTO VALUES ('4353263894', 'Camisa de rayas', '236.11', 'M097');
INSERT INTO PRODUCTO VALUES ('5342602902', 'Camisa de manga obispo', '396.50', 'M068');
INSERT INTO PRODUCTO VALUES ('2323325789', 'Camisa con boton delantero', '396.57' , 'M092');
INSERT INTO PRODUCTO VALUES ('1746390202', 'Camisa floral', '296.44', 'M076');
INSERT INTO PRODUCTO VALUES ('7431921578', 'Camisa de manga enrollada', '346.47', 'M059');
INSERT INTO PRODUCTO VALUES ('3483826523', 'Camisa de doble bolsillo', '496.31', 'M063');
INSERT INTO PRODUCTO VALUES ('1124138951', 'Camisa lisa con nudo', '263.07', 'M019');
INSERT INTO PRODUCTO VALUES ('4714576246', 'Camisa tie-dye', '379.28', 'M016');
INSERT INTO PRODUCTO VALUES ('5974942826', 'Camisa doble color', '262.21', 'M005');
INSERT INTO PRODUCTO VALUES ('3426517661', 'Camiseta tejida', '213.69', 'M001');
INSERT INTO PRODUCTO VALUES ('2971301903', 'Camiseta hombros caidos', '114.48', 'M002');
INSERT INTO PRODUCTO VALUES ('5429172818', 'Camiseta de manga volante', '323.16', 'M003');
INSERT INTO PRODUCTO VALUES ('4092031659', 'Camiseta anime', '370.11', 'M004');
INSERT INTO PRODUCTO VALUES ('0395088289', 'Camiseta con bolsillo', '250.28', 'M001');
INSERT INTO PRODUCTO VALUES ('3450924561', 'Camiseta con bordado', '258.25', 'M001');
INSERT INTO PRODUCTO VALUES ('3810208755', 'Camiseta con bordado de flor', '328.15', 'M003');
INSERT INTO PRODUCTO VALUES ('1936403508', 'Camiseta con bordado de piña', '235.56', 'M007');
INSERT INTO PRODUCTO VALUES ('5368023274', 'Camiseta con bordado de fresa', '266.38', 'M004');
INSERT INTO PRODUCTO VALUES ('0354209327', 'Camiseta con bordado de limón', '234.50', 'M010');
INSERT INTO PRODUCTO VALUES ('3194629047', 'Camiseta corta', '268.15', 'M001');
INSERT INTO PRODUCTO VALUES ('2209367189', 'Camiseta con estampado', '328.15', 'M018');
INSERT INTO PRODUCTO VALUES ('5430280389', 'Camiseta con figura', '318.38', 'M012');
INSERT INTO PRODUCTO VALUES ('0653280753', 'Camiseta con estampado ', '258.44', 'M015');
INSERT INTO PRODUCTO VALUES ('1273253105', 'Blusa estampado floral', '398.44', 'M017');
INSERT INTO PRODUCTO VALUES ('3125342792', 'Blusa estampado corazones', '327.18', 'M037');
INSERT INTO PRODUCTO VALUES ('2072436801', 'Blusa estampado de lunares', '420.38', 'M066');
INSERT INTO PRODUCTO VALUES ('5343252739', 'Blusa de encaje', '358.26', 'M027');
INSERT INTO PRODUCTO VALUES ('2037454326', 'Blusa con fruncido ', '399.50', 'M007');
INSERT INTO PRODUCTO VALUES ('3064232567', 'Blusa con cinturon', '498.44', 'M008');
INSERT INTO PRODUCTO VALUES ('2381542361', 'Blusa de cuello V', '322.12', 'M049');
INSERT INTO PRODUCTO VALUES ('4735233387', 'Blusa con cordon trasero', '317.25', 'M078');
INSERT INTO PRODUCTO VALUES ('2942023850', 'Chaqueta de cuero', '579.90', 'M013');
INSERT INTO PRODUCTO VALUES ('4092080797', 'Chaqueta jeans', '515.51', 'M019');
INSERT INTO PRODUCTO VALUES ('2836532570', 'Chaqueta jeans rasgada', '600.50', 'M099');
INSERT INTO PRODUCTO VALUES ('2592080797', 'Chaqueta con estampado corazon', '549.39', 'M087');
INSERT INTO PRODUCTO VALUES ('0579015390', 'Sudadera', '340.51', 'M001');
INSERT INTO PRODUCTO VALUES ('2763419293', 'Sudadera bolsillo de canguro', '380.56', 'M087');
INSERT INTO PRODUCTO VALUES ('8262336793', 'Sudadera con estampado', '400.50', 'M069');
INSERT INTO PRODUCTO VALUES ('7532373920', 'Sudadera con bordado', '340.57', 'M076');
INSERT INTO PRODUCTO VALUES ('9765443357', 'Sudadera con carita feliz', '440.38', 'M080');
INSERT INTO PRODUCTO VALUES ('8645379716', 'Sudadera termica', '500.45', 'M093');
INSERT INTO PRODUCTO VALUES ('7296808120', 'Medias', '146.47', 'M022');
INSERT INTO PRODUCTO VALUES ('9359701706', 'Jeans roto', '469.75', 'M037');
INSERT INTO PRODUCTO VALUES ('8647531015', 'Jeans roto de pierna ancha', '420.86', 'M033');
INSERT INTO PRODUCTO VALUES ('1242612381', 'Jeans bolsillo oblicuo', '532.38', 'M031');
INSERT INTO PRODUCTO VALUES ('5295118496', 'Jeans de pierna ancha', '594.46', 'M008');
INSERT INTO PRODUCTO VALUES ('3970739027', 'Jeans talle alto', '450.91', 'M008');
INSERT INTO PRODUCTO VALUES ('5127923360', 'Jeans talle alto con lavado', '518.31', 'M021');
INSERT INTO PRODUCTO VALUES ('4004638544', 'Jeans de talle alto rectos', '496.08', 'M035');
INSERT INTO PRODUCTO VALUES ('2036561612', 'Jeans corte recto', '424.23', 'M035');
INSERT INTO PRODUCTO VALUES ('5471623721', 'Jeans acampanado', '421.55', 'M038');
INSERT INTO PRODUCTO VALUES ('0927914059', 'Jeans ajustados rotos', '476.19', 'M025');
INSERT INTO PRODUCTO VALUES ('0257052803', 'Jeans de pierna recta', '690.78', 'M006');
INSERT INTO PRODUCTO VALUES ('2416707570', 'MOM Jeans', '691.21', 'M007');
INSERT INTO PRODUCTO VALUES ('4369208753', 'MOM Jeans desgarro talle alto', '711.55', 'M081');
INSERT INTO PRODUCTO VALUES ('5343279273', 'MOM Jeans pierna recta', '591.37', 'M059');
INSERT INTO PRODUCTO VALUES ('2865325783', 'MOM Jeans estampado', '659.27', 'M060');
INSERT INTO PRODUCTO VALUES ('6318158609', 'Buso ancho', '212.70', 'M020');
INSERT INTO PRODUCTO VALUES ('4724371292', 'Buso cintura elastica', '255.35', 'M085');
INSERT INTO PRODUCTO VALUES ('4620647107', 'Top', '220.68', 'M015');
INSERT INTO PRODUCTO VALUES ('0250204314', 'Top manga larga', '399.22', 'M001');
INSERT INTO PRODUCTO VALUES ('3859815751', 'Top de encaje', '302.66', 'M088');
INSERT INTO PRODUCTO VALUES ('7354326800', 'Top tejido', '222.36', 'M074');
INSERT INTO PRODUCTO VALUES ('9375235683', 'Top de tirantes', '376.38', 'M096');
INSERT INTO PRODUCTO VALUES ('8634323589', 'Top pecho fruncido', '350.28', 'M076');
INSERT INTO PRODUCTO VALUES ('1454540387', 'Sobre camisa corta', '315.36', 'M010');
INSERT INTO PRODUCTO VALUES ('1811108609', 'Sobre camisa larga', '389.83', 'M001');
INSERT INTO PRODUCTO VALUES ('5957518286', 'Sobre camisa rota', '324.12', 'M009');
INSERT INTO PRODUCTO VALUES ('2344484542', 'Sobre camisa tie-dye', '365.15' , 'M001');
INSERT INTO PRODUCTO VALUES ('0828402790', 'Shorts rotos', '356.15', 'M033');
INSERT INTO PRODUCTO VALUES ('7542089753', 'Shorts flojos', '345.50', 'M020');
INSERT INTO PRODUCTO VALUES ('5438025424', 'Shorts de cintura elastica', '366.40', 'M029');
INSERT INTO PRODUCTO VALUES ('7343212939', 'Shorts nudo liso casual', '246.38', 'M010');
INSERT INTO PRODUCTO VALUES ('6283624326', 'Shorts rotos', '356.25', 'M040');
INSERT INTO PRODUCTO VALUES ('8243689203', 'Shorts deportivos', '156.18', 'M020');
INSERT INTO PRODUCTO VALUES ('7639532673', 'Shorts pierna recta ', '266.50', 'M040');
INSERT INTO PRODUCTO VALUES ('2830384524', 'Shorts con estampado de anime ', '356.55', 'M018');
INSERT INTO PRODUCTO VALUES ('0962360229', 'Falda corta estampada', '400.68', 'M031');
INSERT INTO PRODUCTO VALUES ('8528573238', 'Falda corta con abertura', '368.15', 'M001');
INSERT INTO PRODUCTO VALUES ('0482630945', 'Falda corta de encaje', '428.15', 'M012');
INSERT INTO PRODUCTO VALUES ('7652430917', 'Falda corte A', '368.15', 'M004');
INSERT INTO PRODUCTO VALUES ('6785301279', 'Falda pegada', '298.15', 'M005');
INSERT INTO PRODUCTO VALUES ('9015183852', 'Falda abertura en la pierna', '317.98', 'M005');
INSERT INTO PRODUCTO VALUES ('5716437709', 'Falda floral larga', '593.77', 'M004');
INSERT INTO PRODUCTO VALUES ('6424804997', 'Falda verde larga', '576.58', 'M005');
INSERT INTO PRODUCTO VALUES ('1912193161', 'Falda corta de cuero', '449.21', 'M006');
INSERT INTO PRODUCTO VALUES ('9667992475', 'Falda corta', '302.92', 'M002');
INSERT INTO PRODUCTO VALUES ('1156980001', 'Zapatos cafes', '402.92', 'M101');
INSERT INTO PRODUCTO VALUES ('1256980001', 'Corbata de rombos', '402.92', 'M099');
INSERT INTO PRODUCTO VALUES ('1156080001', 'Bolso de fresas', '109.10', 'M098');
INSERT INTO PRODUCTO VALUES ('1256780001', 'Accesorio', '420.92', 'M097');
INSERT INTO PRODUCTO VALUES ('1100780001', 'Salida de baño', '100.92', 'M096');
INSERT INTO PRODUCTO VALUES ('2356980001', 'Tenis morados', '615.92', 'M095');
INSERT INTO PRODUCTO VALUES ('2356980051', 'Zapatos rojos', '440.50', 'M094');
INSERT INTO PRODUCTO VALUES ('4756980001', 'Zapatos negros', '499.99', 'M093');
INSERT INTO PRODUCTO VALUES ('1156080201', 'Bolso de anime', '120.10', 'M098');
INSERT INTO PRODUCTO VALUES ('1156088601', 'Mono de estampado', '500.10', 'M096');
INSERT INTO PRODUCTO VALUES ('6856080001', 'Mono sin tirantes', '510.10', 'M095');


CREATE TABLE CARRITO (
IdCarrito NVARCHAR2(10),
CantidadProductos INT NOT NULL,
Total FLOAT NOT NULL,
IdCliente VARCHAR2(13) NOT NULL,
PRIMARY KEY (IdCarrito),
CONSTRAINT CHK_Cant CHECK (CantidadProductos>0),
CONSTRAINT CHK_Total CHECK (Total>0),
CONSTRAINT FK_CarCli FOREIGN KEY (IdCliente) REFERENCES CLIENTE(IdCliente)
);
SELECT*FROM CARRITO;



CREATE TABLE ENVIO (
IdEnvio NVARCHAR2(10),
Direccion NVARCHAR2(100) NOT NULL,
Estado NVARCHAR2(15) NOT NULL,
MetodoPago NVARCHAR2(15) NOT NULL,
Monto FLOAT NOT NULL,
Fecha DATE NOT NULL,
IdCarrito NVARCHAR2(10) NOT NULL,
IdMotorista  VARCHAR2(13)NOT NULL,
PRIMARY KEY (IdEnvio),
CONSTRAINT CHK_Est CHECK (Estado IN ('En camino','Entregado')),
CONSTRAINT CHK_MetPag CHECK (MetodoPago IN ('PayPal','Targeta','Transferencia')),
CONSTRAINT CHK_Monto CHECK (Monto>0),
CONSTRAINT FK_EnvCar FOREIGN KEY (IdCarrito) REFERENCES CARRITO(IdCarrito),
CONSTRAINT FK_EnvMot FOREIGN KEY (IdMotorista) REFERENCES MOTORISTA(IdMotorista)
);
SELECT*FROM ENVIO;

CREATE TABLE INVENTARIO (
IdRegistro NVARCHAR2(10),
IdMarca NVARCHAR2(10),
IdEncargado VARCHAR2(13)NOT NULL,
Cantidad INT NOT NULL,
Fecha DATE NOT NULL,
PRIMARY KEY (IdRegistro, IdMarca),
CONSTRAINT CHK_Cantidad CHECK (Cantidad>0),
CONSTRAINT FK_InvMar FOREIGN KEY (IdMarca) REFERENCES MARCA(IdMarca),
CONSTRAINT FK_InvEnc FOREIGN KEY (IdEncargado) REFERENCES ENCARGADO_INVENTARIO(IdEncargado)
);
SELECT*FROM INVENTARIO;

INSERT INTO INVENTARIO VALUES ('8457680549', 'M001', '0412199323077', 424, '10/02/2022');
INSERT INTO INVENTARIO VALUES ('4816632043', 'M009', '0412199323077', 732, '16/06/2022');
INSERT INTO INVENTARIO VALUES ('8235713145', 'M005', '0211199212589', 575, '09/05/2022');
INSERT INTO INVENTARIO VALUES ('4291620722', 'M011', '0211199212589', 579, '09/11/2021');
INSERT INTO INVENTARIO VALUES ('1073042059', 'M013', '0211199212589', 939, '28/05/2022');
INSERT INTO INVENTARIO VALUES ('4985587530', 'M011', '0804199177020', 836, '23/07/2021');
INSERT INTO INVENTARIO VALUES ('1062161358', 'M013', '0804199177020', 447, '19/06/2022');
INSERT INTO INVENTARIO VALUES ('0954775198', 'M003', '1302198620818', 674, '04/09/2021');
INSERT INTO INVENTARIO VALUES ('3043813349', 'M013', '1302198620818', 472, '29/06/2022');
INSERT INTO INVENTARIO VALUES ('4296246726', 'M003', '1302198620818', 732, '12/10/2021');
INSERT INTO INVENTARIO VALUES ('5575173540', 'M011', '1302198620818', 932, '13/03/2022');
INSERT INTO INVENTARIO VALUES ('0788258348', 'M031', '1106198918831', 103, '08/03/2022');
INSERT INTO INVENTARIO VALUES ('9180737662', 'M007', '1106198918831', 881, '03/12/2021');
INSERT INTO INVENTARIO VALUES ('0437628672', 'M011', '1106198918831', 457, '21/11/2021');
INSERT INTO INVENTARIO VALUES ('5481413908', 'M064', '1106198918831', 925, '21/12/2021');
INSERT INTO INVENTARIO VALUES ('1662303661', 'M001', '1106198918831', 160, '12/06/2022');
INSERT INTO INVENTARIO VALUES ('8355046786', 'M013', '1302198620818', 020, '07/04/2022');
INSERT INTO INVENTARIO VALUES ('0799012456', 'M013', '1302198620818', 620, '03/06/2022');
INSERT INTO INVENTARIO VALUES ('8801720139', 'M015', '0803200051061', 057, '31/03/2022');
INSERT INTO INVENTARIO VALUES ('7143309808', 'M065', '0803200051061', 185, '23/04/2022');
INSERT INTO INVENTARIO VALUES ('0927321260', 'M013', '0803200051061', 273, '16/09/2021');
INSERT INTO INVENTARIO VALUES ('8000779578', 'M001', '1509199031743', 582, '18/03/2022');
INSERT INTO INVENTARIO VALUES ('3840502930', 'M005', '1509199031743', 433, '04/02/2022');
INSERT INTO INVENTARIO VALUES ('7744255177', 'M001', '1509199031743', 619, '24/01/2022');
INSERT INTO INVENTARIO VALUES ('4600049632', 'M011', '1509199031743', 296, '04/12/2021');
INSERT INTO INVENTARIO VALUES ('9036190176', 'M013', '1509199031743', 476, '16/10/2021');
INSERT INTO INVENTARIO VALUES ('0171727170', 'M013', '1509199031743', 934, '09/06/2022');
INSERT INTO INVENTARIO VALUES ('1810440864', 'M007', '1509199031743', 114, '15/06/2022');
INSERT INTO INVENTARIO VALUES ('7173160129', 'M001', '1509199031743', 496, '02/10/2021');
INSERT INTO INVENTARIO VALUES ('6465313112', 'M001', '1509199031743', 961, '11/05/2022');
INSERT INTO INVENTARIO VALUES ('3803850720', 'M013', '1509199031743', 421, '10/05/2022');
INSERT INTO INVENTARIO VALUES ('2375599733', 'M009', '1509199031743', 140, '29/09/2021');
INSERT INTO INVENTARIO VALUES ('1659761731', 'M007', '1509199031743', 931, '21/06/2022');
INSERT INTO INVENTARIO VALUES ('5345893996', 'M007', '1509199031743', 718, '01/05/2022');
INSERT INTO INVENTARIO VALUES ('6615731827', 'M013', '1509199031743', 260, '08/07/2022');
INSERT INTO INVENTARIO VALUES ('4111663785', 'M007', '1509199031743', 574, '07/08/2021');
INSERT INTO INVENTARIO VALUES ('3420323211', 'M013', '0803200051061', 268, '10/11/2021');
INSERT INTO INVENTARIO VALUES ('8973942222', 'M003', '0803200051061', 826, '26/02/2022');
INSERT INTO INVENTARIO VALUES ('1125348181', 'M001', '0803200051061', 204, '23/03/2022');
INSERT INTO INVENTARIO VALUES ('0002783483', 'M013', '0803200051061', 930, '02/12/2021');
INSERT INTO INVENTARIO VALUES ('0078646864', 'M013', '0803200051061', 910, '05/06/2022');
INSERT INTO INVENTARIO VALUES ('0333671456', 'M011', '0804199177020', 664, '18/08/2021');
INSERT INTO INVENTARIO VALUES ('2744699572', 'M013', '0804199177020', 521, '26/11/2021');
INSERT INTO INVENTARIO VALUES ('6088358097', 'M011', '0804199177020', 387, '09/10/2021');
INSERT INTO INVENTARIO VALUES ('0751606614', 'M040', '0804199177020', 953, '09/06/2022');
INSERT INTO INVENTARIO VALUES ('2653353578', 'M015', '0804199177020', 416, '16/02/2022');
INSERT INTO INVENTARIO VALUES ('4344523081', 'M011', '0804199177020', 277, '20/02/2022');
INSERT INTO INVENTARIO VALUES ('0307551765', 'M013', '0211199212589', 689, '16/07/2021');
INSERT INTO INVENTARIO VALUES ('3183949800', 'M003', '0812198444277', 508, '24/06/2022');
INSERT INTO INVENTARIO VALUES ('3667544234', 'M010', '0812198444277', 411, '12/03/2022');
INSERT INTO INVENTARIO VALUES ('4808168420', 'M013', '1806199103758', 718, '21/04/2022');
INSERT INTO INVENTARIO VALUES ('3536107275', 'M001', '1806199103758', 695, '16/12/2021');
INSERT INTO INVENTARIO VALUES ('3940606631', 'M005', '1806199103758', 519, '13/06/2022');
INSERT INTO INVENTARIO VALUES ('6895329952', 'M015', '1806199103758', 950, '08/10/2021');
INSERT INTO INVENTARIO VALUES ('7775528129', 'M015', '1806199103758', 411, '27/03/2022');
INSERT INTO INVENTARIO VALUES ('5314350512', 'M007', '1806199103758', 220, '09/08/2022');
INSERT INTO INVENTARIO VALUES ('0223755271', 'M005', '1806199103758', 780, '01/11/2021');
INSERT INTO INVENTARIO VALUES ('7717448031', 'M013', '1806199103758', 493, '28/07/2022');
INSERT INTO INVENTARIO VALUES ('6494643245', 'M001', '1806199103758', 473, '09/01/2022');
INSERT INTO INVENTARIO VALUES ('4286844968', 'M013', '1806199103758', 484, '16/03/2021');
INSERT INTO INVENTARIO VALUES ('6084222261', 'M013', '1806199103758', 507, '09/11/2021');
INSERT INTO INVENTARIO VALUES ('0317462074', 'M009', '1806199103758', 700, '16/08/2021');
INSERT INTO INVENTARIO VALUES ('0036595951', 'M007', '1806199103758', 043, '04/03/2022');
INSERT INTO INVENTARIO VALUES ('0334753869', 'M001', '1806199103758', 983, '14/01/2022');
INSERT INTO INVENTARIO VALUES ('8957374228', 'M009', '1806199103758', 648, '04/11/2021');
INSERT INTO INVENTARIO VALUES ('8610456832', 'M013', '0812198444277', 026, '16/11/2021');
INSERT INTO INVENTARIO VALUES ('1389588322', 'M001', '0812198444277', 576, '13/10/2021');
INSERT INTO INVENTARIO VALUES ('4743720393', 'M001', '0812198444277', 877, '07/07/2022');
INSERT INTO INVENTARIO VALUES ('8038542086', 'M013', '0211199212589', 978, '05/10/2021');
INSERT INTO INVENTARIO VALUES ('6052879147', 'M009', '0211199212589', 860, '30/03/2022');
INSERT INTO INVENTARIO VALUES ('7913749458', 'M011', '0211199212589', 987, '23/04/2022');
INSERT INTO INVENTARIO VALUES ('2226769814', 'M007', '0211199212589', 843, '30/11/2021');
INSERT INTO INVENTARIO VALUES ('5544461933', 'M007', '0211199212589', 908, '24/12/2021');
INSERT INTO INVENTARIO VALUES ('9495920154', 'M015', '0211199212589', 581, '17/08/2021');
INSERT INTO INVENTARIO VALUES ('1990246260', 'M013', '0211199212589', 202, '25/06/2022');
INSERT INTO INVENTARIO VALUES ('2448236251', 'M009', '0211199212589', 104, '31/10/2021');
INSERT INTO INVENTARIO VALUES ('7661923382', 'M011', '0211199212589', 109, '23/06/2022');
INSERT INTO INVENTARIO VALUES ('6877371309', 'M003', '0211199212589', 937, '31/07/2022');
INSERT INTO INVENTARIO VALUES ('0056780939', 'M040', '0211199212589', 773, '04/11/2021');
INSERT INTO INVENTARIO VALUES ('3738035202', 'M013', '0211199212589', 565, '21/10/2021');
INSERT INTO INVENTARIO VALUES ('6215918284', 'M005', '0211199212589', 876, '15/09/2021');
INSERT INTO INVENTARIO VALUES ('6134867522', 'M011', '0211199212589', 957, '03/10/2021');
INSERT INTO INVENTARIO VALUES ('6144547638', 'M009', '0211199212589', 382, '05/03/2022');
INSERT INTO INVENTARIO VALUES ('8743776527', 'M009', '0211199212589', 587, '28/06/2022');
INSERT INTO INVENTARIO VALUES ('7741552820', 'M005', '0412199323077', 483, '30/03/2022');
INSERT INTO INVENTARIO VALUES ('2764345107', 'M015', '0412199323077', 600, '04/11/2021');
INSERT INTO INVENTARIO VALUES ('5937418162', 'M021', '0412199323077', 012, '09/06/2022');
INSERT INTO INVENTARIO VALUES ('8193097681', 'M007', '0412199323077', 508, '09/10/2021');
INSERT INTO INVENTARIO VALUES ('7398557430', 'M007', '0412199323077', 364, '19/11/2021');
INSERT INTO INVENTARIO VALUES ('4473179032', 'M009', '0412199323077', 646, '12/01/2022');
INSERT INTO INVENTARIO VALUES ('1120625177', 'M013', '0412199323077', 588, '28/12/2021');
INSERT INTO INVENTARIO VALUES ('9534198102', 'M001', '0412199323077', 519, '27/02/2022');
INSERT INTO INVENTARIO VALUES ('5542812112', 'M005', '0412199323077', 143, '07/12/2021');
INSERT INTO INVENTARIO VALUES ('8632923959', 'M013', '0412199323077', 279, '09/11/2021');
INSERT INTO INVENTARIO VALUES ('3697710882', 'M015', '0412199323077', 102, '06/11/2021');
INSERT INTO INVENTARIO VALUES ('7440698361', 'M007', '0412199323077', 562, '12/03/2022');
INSERT INTO INVENTARIO VALUES ('2627147308', 'M005', '0412199323077', 586, '23/10/2021');
INSERT INTO INVENTARIO VALUES ('6515416739', 'M015', '0412199323077', 427, '23/11/2021');
INSERT INTO INVENTARIO VALUES ('3672597711', 'M003', '0412199323077', 006, '17/09/2021');
INSERT INTO INVENTARIO VALUES ('8073114403', 'M003', '0412199323077', 550, '15/03/2022');


CREATE TABLE PRODUCTOS_CARRITO (
IdDetalle NVARCHAR2(10),
IdCarrito NVARCHAR2(10),
IdProducto NVARCHAR2(10)NOT NULL,
FechaAgregado DATE NOT NULL,
IdEnvio NVARCHAR2(10),
PRIMARY KEY (IdDetalle, IdCarrito),
CONSTRAINT FK_ProCarCar FOREIGN KEY (IdCarrito) REFERENCES CARRITO(IdCarrito),
CONSTRAINT FK_ProCarPro FOREIGN KEY (IdProducto) REFERENCES PRODUCTO(IdProducto),
CONSTRAINT FK_ProCarEnv FOREIGN KEY (IdEnvio) REFERENCES ENVIO(IdEnvio)
);
SELECT*FROM PRODUCTOS_CARRITO;

CREATE TABLE PRODUCTO_PERTENECE (
IdProducto NVARCHAR2(10),
IdCategoria NVARCHAR2(10),
PRIMARY KEY (IdProducto, IdCategoria),
CONSTRAINT FK_ProPerPro FOREIGN KEY (IdProducto) REFERENCES PRODUCTO(IdProducto),
CONSTRAINT FK_ProPerCat FOREIGN KEY (IdCategoria) REFERENCES CATEGORIA(IdCategoria)
);
SELECT*FROM PRODUCTO_PERTENECE;

CREATE TABLE ADMINISTRACION (
IdAdmin VARCHAR2(13),
IdMarca NVARCHAR2(10),
IdProducto NVARCHAR2(10),
PRIMARY KEY (IdAdmin,IdMarca,IdProducto),
CONSTRAINT FK_AdmAdm FOREIGN KEY (IdAdmin) REFERENCES ADMINISTRADOR(IdAdministrador),
CONSTRAINT FK_AdmMar FOREIGN KEY (IdMarca) REFERENCES MARCA(IdMarca),
CONSTRAINT FK_AdmPro FOREIGN KEY (IdProducto) REFERENCES PRODUCTO(IdProducto)
);
SELECT*FROM ADMINISTRACION;

INSERT INTO ADMINISTRACION VALUES ('0101199512568', 'M001', '2026708440');
INSERT INTO ADMINISTRACION VALUES ('0101199512568', 'M010', '1273253105');
INSERT INTO ADMINISTRACION VALUES ('0101199512568', 'M004', '1273253105');
INSERT INTO ADMINISTRACION VALUES ('0101199512568', 'M002', '5343279273');
INSERT INTO ADMINISTRACION VALUES ('0101199512568', 'M003', '2830384524');
INSERT INTO ADMINISTRACION VALUES ('0101199512568', 'M007', '4620647107');
INSERT INTO ADMINISTRACION VALUES ('0501198978536', 'M008', '1242612381');
INSERT INTO ADMINISTRACION VALUES ('0816198852147', 'M021', '1242612381');
INSERT INTO ADMINISTRACION VALUES ('0501198978536', 'M002', '1242612381');
INSERT INTO ADMINISTRACION VALUES ('1301199410230', 'M002', '1242612381');
INSERT INTO ADMINISTRACION VALUES ('1001199878951', 'M003', '1242612381');
INSERT INTO ADMINISTRACION VALUES ('0801199012663', 'M002', '1242612381');
INSERT INTO ADMINISTRACION VALUES ('0801199012663', 'M004', '1242612381');
INSERT INTO ADMINISTRACION VALUES ('0101199512568', 'M021', '4620647107');
INSERT INTO ADMINISTRACION VALUES ('0501198978536', 'M021', '4620647107');
INSERT INTO ADMINISTRACION VALUES ('1001198878945', 'M007', '4620647107');
INSERT INTO ADMINISTRACION VALUES ('1803199978103', 'M006', '4620647107');
INSERT INTO ADMINISTRACION VALUES ('0816198852147', 'M021', '4620647107');
INSERT INTO ADMINISTRACION VALUES ('1301199410230', 'M030', '4620647107');
INSERT INTO ADMINISTRACION VALUES ('1001199878951', 'M009', '4620647107');
INSERT INTO ADMINISTRACION VALUES ('1301199410230', 'M007', '4620647107');
INSERT INTO ADMINISTRACION VALUES ('1001199878951', 'M002', '4620647107');
INSERT INTO ADMINISTRACION VALUES ('1001199878951', 'M007', '4620647107');
INSERT INTO ADMINISTRACION VALUES ('0801199012663', 'M009', '4620647107');
INSERT INTO ADMINISTRACION VALUES ('0801199012663', 'M003', '4620647107');
INSERT INTO ADMINISTRACION VALUES ('1101199078946', 'M021', '4620647107');
INSERT INTO ADMINISTRACION VALUES ('0101199512568', 'M009', '2830384524');
INSERT INTO ADMINISTRACION VALUES ('1001198878945', 'M003', '2830384524');
INSERT INTO ADMINISTRACION VALUES ('0816198852147', 'M007', '2830384524');
INSERT INTO ADMINISTRACION VALUES ('0816198852147', 'M030', '2830384524');
INSERT INTO ADMINISTRACION VALUES ('1301199410230', 'M001', '2830384524');
INSERT INTO ADMINISTRACION VALUES ('0708199612580', 'M021', '2830384524');
INSERT INTO ADMINISTRACION VALUES ('0708199612580', 'M031', '2830384524');
INSERT INTO ADMINISTRACION VALUES ('1001199878951', 'M009', '2830384524');
INSERT INTO ADMINISTRACION VALUES ('0816198852147', 'M004', '5343279273');
INSERT INTO ADMINISTRACION VALUES ('0816198852147', 'M017', '5343279273');
INSERT INTO ADMINISTRACION VALUES ('0816198852147', 'M009', '5343279273');
INSERT INTO ADMINISTRACION VALUES ('0816198852147', 'M002', '5343279273');
INSERT INTO ADMINISTRACION VALUES ('1001198878945', 'M004', '5957518286');
INSERT INTO ADMINISTRACION VALUES ('0816198852147', 'M007', '5957518286');
INSERT INTO ADMINISTRACION VALUES ('1415199412503', 'M030', '5957518286');
INSERT INTO ADMINISTRACION VALUES ('1301199410230', 'M030', '5957518286');
INSERT INTO ADMINISTRACION VALUES ('0801200022468', 'M021', '5957518286');
INSERT INTO ADMINISTRACION VALUES ('0708199612580', 'M021', '5957518286');
INSERT INTO ADMINISTRACION VALUES ('0708199612580', 'M031', '5957518286');
INSERT INTO ADMINISTRACION VALUES ('0708199612580', 'M010', '5957518286');
INSERT INTO ADMINISTRACION VALUES ('0708199612580', 'M004', '5957518286');
INSERT INTO ADMINISTRACION VALUES ('1001199878951', 'M002', '5957518286');
INSERT INTO ADMINISTRACION VALUES ('1415199412503', 'M003', '5957518286');
INSERT INTO ADMINISTRACION VALUES ('1001199878951', 'M003', '5957518286');
INSERT INTO ADMINISTRACION VALUES ('0801199012663', 'M003', '5957518286');
INSERT INTO ADMINISTRACION VALUES ('0101199512568', 'M001', '9765443357');
INSERT INTO ADMINISTRACION VALUES ('0101199512568', 'M009', '9765443357');
INSERT INTO ADMINISTRACION VALUES ('0101199512568', 'M021', '9765443357');
INSERT INTO ADMINISTRACION VALUES ('1415199412503', 'M031', '9765443357');
INSERT INTO ADMINISTRACION VALUES ('1301199410230', 'M021', '9765443357');
INSERT INTO ADMINISTRACION VALUES ('0801200022468', 'M030', '9765443357');
INSERT INTO ADMINISTRACION VALUES ('0708199612580', 'M001', '9765443357');
INSERT INTO ADMINISTRACION VALUES ('1001199878951', 'M002', '9765443357');
INSERT INTO ADMINISTRACION VALUES ('1001199878951', 'M004', '9765443357');
INSERT INTO ADMINISTRACION VALUES ('0801199012663', 'M002', '9765443357');
INSERT INTO ADMINISTRACION VALUES ('1803199978103', 'M031', '9765443357');
INSERT INTO ADMINISTRACION VALUES ('1101199078946', 'M031', '9765443357');
INSERT INTO ADMINISTRACION VALUES ('1101199078946', 'M003', '9765443357');
INSERT INTO ADMINISTRACION VALUES ('1101199078946', 'M009', '9765443357');
INSERT INTO ADMINISTRACION VALUES ('0816198852147', 'M007', '5343279273');
INSERT INTO ADMINISTRACION VALUES ('0801200022468', 'M004', '5343279273');
INSERT INTO ADMINISTRACION VALUES ('0801199012663', 'M098', '5343279273');
INSERT INTO ADMINISTRACION VALUES ('0801199012663', 'M002', '5343279273');
INSERT INTO ADMINISTRACION VALUES ('1101199078946', 'M003', '5343279273');
INSERT INTO ADMINISTRACION VALUES ('1101199078946', 'M004', '5343279273');
INSERT INTO ADMINISTRACION VALUES ('0607198900057', 'M021', '1273253105');
INSERT INTO ADMINISTRACION VALUES ('0816198852147', 'M001', '1273253105');
INSERT INTO ADMINISTRACION VALUES ('0816198852147', 'M002', '1273253105');
INSERT INTO ADMINISTRACION VALUES ('1301199410230', 'M021', '1273253105');
INSERT INTO ADMINISTRACION VALUES ('0801200022468', 'M030', '1273253105');
INSERT INTO ADMINISTRACION VALUES ('0708199612580', 'M009', '1273253105');
INSERT INTO ADMINISTRACION VALUES ('0101199512568', 'M021', '4004638544');
INSERT INTO ADMINISTRACION VALUES ('0607198900057', 'M037', '4004638544');
INSERT INTO ADMINISTRACION VALUES ('1803199978103', 'M004', '4004638544');
INSERT INTO ADMINISTRACION VALUES ('0816198852147', 'M004', '4004638544');
INSERT INTO ADMINISTRACION VALUES ('1301199410230', 'M003', '4004638544');
INSERT INTO ADMINISTRACION VALUES ('0801200022468', 'M097', '4004638544');
INSERT INTO ADMINISTRACION VALUES ('0101199512568', 'M030', '2763419293');
INSERT INTO ADMINISTRACION VALUES ('0816198852147', 'M095', '2763419293');
INSERT INTO ADMINISTRACION VALUES ('0816198852147', 'M001', '2763419293');
INSERT INTO ADMINISTRACION VALUES ('0801200022468', 'M009', '2763419293');
INSERT INTO ADMINISTRACION VALUES ('1101199078946', 'M003', '2763419293');
INSERT INTO ADMINISTRACION VALUES ('1101199078946', 'M030', '1273253105');
INSERT INTO ADMINISTRACION VALUES ('0101199512568', 'M002', '2026708440');
INSERT INTO ADMINISTRACION VALUES ('1803199978103', 'M007', '2026708440');
INSERT INTO ADMINISTRACION VALUES ('1301199410230', 'M002', '2026708440');
INSERT INTO ADMINISTRACION VALUES ('1301199410230', 'M001', '2026708440');
INSERT INTO ADMINISTRACION VALUES ('1301199410230', 'M003', '2026708440');
INSERT INTO ADMINISTRACION VALUES ('0801200022468', 'M030', '2026708440');
INSERT INTO ADMINISTRACION VALUES ('0801200022468', 'M004', '2026708440');
INSERT INTO ADMINISTRACION VALUES ('0708199612580', 'M007', '2026708440');
INSERT INTO ADMINISTRACION VALUES ('0708199612580', 'M021', '2026708440');
INSERT INTO ADMINISTRACION VALUES ('0801199012663', 'M004', '2026708440');
INSERT INTO ADMINISTRACION VALUES ('1101199078946', 'M021', '2026708440');
INSERT INTO ADMINISTRACION VALUES ('0501199278450', 'M090', '2356980051');
